distribution_category_id,distribution_category_key,name,admin_key,organization_key,created,modified,doc_required
1,000000000000000000000000,None,,,,,
2,637dec4b9a303d3dbfad943b,Public School Fees,55e4dfa966304b4d06b2bff1,579000a580be4c0b8bb744ba,2022-11-23 09:47:55,2025-05-20 09:13:43,0
3,637dec4b9a303d3dbfad943c,Educational Therapies,55e4dfa966304b4d06b2bff1,579000a580be4c0b8bb744ba,2022-11-23 09:47:55,2025-05-20 09:13:43,0
4,637dec4b9a303d3dbfad9447,Public School Fees,561b2c755540ab16e811bea4,579000a580be4c0b8bb744ba,2022-11-23 09:47:55,,0
5,637dec4b9a303d3dbfad9448,Educational Therapies,561b2c755540ab16e811bea4,579000a580be4c0b8bb744ba,2022-11-23 09:47:55,,0
6,637dec4b9a303d3dbfad944b,Public School Fees,5722675fba8113d1dddef8e3,579000a580be4c0b8bb744ba,2022-11-23 09:47:55,,0
7,637dec4b9a303d3dbfad944c,Educational Therapies,5722675fba8113d1dddef8e3,579000a580be4c0b8bb744ba,2022-11-23 09:47:55,,0
8,637dec4b9a303d3dbfad9459,Public School Fees,55e4dfa966304b4d06b2bff5,579000a580be4c0b8bb744ba,2022-11-23 09:47:55,,0
9,637dec4b9a303d3dbfad945a,Educational Therapies,55e4dfa966304b4d06b2bff5,579000a580be4c0b8bb744ba,2022-11-23 09:47:55,,0
10,637dec4b9a303d3dbfad945b,Public School Fees,57c815e6ba8113d1dddf183d,579000a580be4c0b8bb744ba,2022-11-23 09:47:55,,0
11,637dec4b9a303d3dbfad945c,Educational Therapies,57c815e6ba8113d1dddf183d,579000a580be4c0b8bb744ba,2022-11-23 09:47:55,,0
12,637dec4b9a303d3dbfad9461,Public School Fees,561eb77fc2f3926b0a870a5c,579000a580be4c0b8bb744ba,2022-11-23 09:47:55,,0
13,637dec4b9a303d3dbfad9462,Educational Therapies,561eb77fc2f3926b0a870a5c,579000a580be4c0b8bb744ba,2022-11-23 09:47:55,,0
14,637dec4b9a303d3dbfad9467,Public School Fees,5719224ef04c1666129aca1e,579000a580be4c0b8bb744ba,2022-11-23 09:47:55,,0
15,637dec4b9a303d3dbfad9468,Educational Therapies,5719224ef04c1666129aca1e,579000a580be4c0b8bb744ba,2022-11-23 09:47:55,,0
16,637dec4b9a303d3dbfad9485,Public School Fees,588bae1eba8113d1dddf35f5,579000a580be4c0b8bb744ba,2022-11-23 09:47:55,,0
17,637dec4b9a303d3dbfad9486,Educational Therapies,588bae1eba8113d1dddf35f5,579000a580be4c0b8bb744ba,2022-11-23 09:47:55,,0
18,637dec4b9a303d3dbfad9487,Public School Fees,58a514b7ba8113d1dddf363a,579000a580be4c0b8bb744ba,2022-11-23 09:47:55,,0
19,637dec4b9a303d3dbfad9488,Educational Therapies,58a514b7ba8113d1dddf363a,579000a580be4c0b8bb744ba,2022-11-23 09:47:55,,0
20,637dec4b9a303d3dbfad948d,Public School Fees,59282a69ba8113d1dddf38fb,579000a580be4c0b8bb744ba,2022-11-23 09:47:55,,0
21,637dec4b9a303d3dbfad948e,Educational Therapies,59282a69ba8113d1dddf38fb,579000a580be4c0b8bb744ba,2022-11-23 09:47:55,,0
22,637dec4b9a303d3dbfad9493,Public School Fees,55e4dfa966304b4d06b2bff3,579000a580be4c0b8bb744ba,2022-11-23 09:47:55,,0
23,637dec4b9a303d3dbfad9494,Educational Therapies,55e4dfa966304b4d06b2bff3,579000a580be4c0b8bb744ba,2022-11-23 09:47:55,,0
24,637dec4b9a303d3dbfad94f5,Public School Fees,5eaadc10253e845328e1ff98,579000a580be4c0b8bb744ba,2022-11-23 09:47:55,2025-05-13 08:42:51,0
25,637dec4b9a303d3dbfad94f6,Educational Therapies,5eaadc10253e845328e1ff98,579000a580be4c0b8bb744ba,2022-11-23 09:47:55,2025-05-13 08:42:51,0
26,637dec4b9a303d3dbfad9565,Public School Fees,61e82d3c1867bfba9f663b36,579000a580be4c0b8bb744ba,2022-11-23 09:47:55,,0
27,637dec4b9a303d3dbfad9566,Educational Therapies,61e82d3c1867bfba9f663b36,579000a580be4c0b8bb744ba,2022-11-23 09:47:55,,0
28,637dec4b9a303d3dbfad957b,Tuition and Fees,5a0dac01ba8113d1dddfa072,5a1c31adba8113d1dddfa08f,2022-11-23 09:47:55,2023-04-21 17:17:01,0
29,637dec4b9a303d3dbfad957c,Textbooks,5a0dac01ba8113d1dddfa072,5a1c31adba8113d1dddfa08f,2022-11-23 09:47:55,,0
30,637dec4b9a303d3dbfad9587,Tuition and Fees,5b71d9957238caa77aa19dee,5b0451961897a7000182caf6,2022-11-23 09:47:55,,0
31,637dec4b9a303d3dbfad9588,Textbooks,5b71d9957238caa77aa19dee,5b0451961897a7000182caf6,2022-11-23 09:47:55,,0
32,637dec4b9a303d3dbfad9589,Tutoring,5b71d9957238caa77aa19dee,5b0451961897a7000182caf6,2022-11-23 09:47:55,,0
33,637dec4b9a303d3dbfad958a,Curricula,5b71d9957238caa77aa19dee,5b0451961897a7000182caf6,2022-11-23 09:47:55,,0
34,637dec4b9a303d3dbfad958b,Testing fees,5b71d9957238caa77aa19dee,5b0451961897a7000182caf6,2022-11-23 09:47:55,,0
35,637dec4b9a303d3dbfad958c,Public School Fees,5b71d9957238caa77aa19dee,5b0451961897a7000182caf6,2022-11-23 09:47:55,,0
36,637dec4b9a303d3dbfad958d,Educational Therapies,5b71d9957238caa77aa19dee,5b0451961897a7000182caf6,2022-11-23 09:47:55,,0
37,637dec4b9a303d3dbfad958e,Educational Technology,5b71d9957238caa77aa19dee,5b0451961897a7000182caf6,2022-11-23 09:47:55,,0
38,637dec4b9a303d3dbfad958f,Student Transportation,5b71d9957238caa77aa19dee,5b0451961897a7000182caf6,2022-11-23 09:47:55,,0
39,637dec4b9a303d3dbfad95b4,Tuition and Fees,5c4081d3b0157e7e63843fd1,5b0451961897a7000182caf6,2022-11-23 09:47:56,,0
40,637dec4b9a303d3dbfad95b5,Textbooks,5c4081d3b0157e7e63843fd1,5b0451961897a7000182caf6,2022-11-23 09:47:56,,0
41,637dec4b9a303d3dbfad95b6,Tutoring,5c4081d3b0157e7e63843fd1,5b0451961897a7000182caf6,2022-11-23 09:47:56,,0
42,637dec4b9a303d3dbfad95b7,Curricula,5c4081d3b0157e7e63843fd1,5b0451961897a7000182caf6,2022-11-23 09:47:56,,0
43,637dec4b9a303d3dbfad95b8,Testing fees,5c4081d3b0157e7e63843fd1,5b0451961897a7000182caf6,2022-11-23 09:47:56,,0
44,637dec4b9a303d3dbfad95b9,Public School Fees,5c4081d3b0157e7e63843fd1,5b0451961897a7000182caf6,2022-11-23 09:47:56,,0
45,637dec4b9a303d3dbfad95ba,Educational Therapies,5c4081d3b0157e7e63843fd1,5b0451961897a7000182caf6,2022-11-23 09:47:56,,0
46,637dec4b9a303d3dbfad95bb,Educational Technology,5c4081d3b0157e7e63843fd1,5b0451961897a7000182caf6,2022-11-23 09:47:56,,0
47,637dec4b9a303d3dbfad95bc,Student Transportation,5c4081d3b0157e7e63843fd1,5b0451961897a7000182caf6,2022-11-23 09:47:56,,0
48,637dec4b9a303d3dbfad9671,Assistive Technology Rentals (special education students only),5dcb0edef20691a648100b8b,5d54499159b33712177e253b,2022-11-23 09:47:56,2024-07-05 14:27:05,0
49,637dec4b9a303d3dbfad9672,Braille Translations (special education students only),5dcb0edef20691a648100b8b,5d54499159b33712177e253b,2022-11-23 09:47:56,2024-07-05 14:27:05,0
50,637dec4b9a303d3dbfad9673,Curricula,5dcb0edef20691a648100b8b,5d54499159b33712177e253b,2022-11-23 09:47:56,2024-07-05 14:27:05,0
51,637dec4b9a303d3dbfad9674,Educational Psychological Evaluations,5dcb0edef20691a648100b8b,5d54499159b33712177e253b,2022-11-23 09:47:56,2024-07-05 14:27:05,0
52,637dec4b9a303d3dbfad9675,Educational Therapies and Services *,5dcb0edef20691a648100b8b,5d54499159b33712177e253b,2022-11-23 09:47:56,2024-07-05 14:27:05,0
53,637dec4b9a303d3dbfad9676,Educational/Psychological Evaluation (special education student only),5dcb0edef20691a648100b8b,5d54499159b33712177e253b,2022-11-23 09:47:56,2024-07-05 14:27:05,0
54,637dec4b9a303d3dbfad9677,National standardized testing,5dcb0edef20691a648100b8b,5d54499159b33712177e253b,2022-11-23 09:47:56,2024-07-05 14:27:05,0
55,637dec4b9a303d3dbfad9678,Online or in Person Learning Programs,5dcb0edef20691a648100b8b,5d54499159b33712177e253b,2022-11-23 09:47:56,2024-07-05 14:27:05,0
56,637dec4b9a303d3dbfad9679,Paraprofessional (special education students only),5dcb0edef20691a648100b8b,5d54499159b33712177e253b,2022-11-23 09:47:56,2024-07-05 14:27:05,0
57,637dec4b9a303d3dbfad967a,Post-Secondary (college/university),5dcb0edef20691a648100b8b,5d54499159b33712177e253b,2022-11-23 09:47:56,2024-07-05 14:27:05,0
58,637dec4b9a303d3dbfad967b,Private School-Related Expenses,5dcb0edef20691a648100b8b,5d54499159b33712177e253b,2022-11-23 09:47:56,2024-07-05 14:27:05,0
59,637dec4b9a303d3dbfad967c,Reading Books,5dcb0edef20691a648100b8b,5d54499159b33712177e253b,2022-11-23 09:47:56,2024-07-05 14:27:05,0
60,637dec4b9a303d3dbfad967d,Services by a Public School,5dcb0edef20691a648100b8b,5d54499159b33712177e253b,2022-11-23 09:47:56,2024-07-05 14:27:05,0
61,637dec4b9a303d3dbfad967e,Supplemental Material (required or recommended by the curriculum),5dcb0edef20691a648100b8b,5d54499159b33712177e253b,2022-11-23 09:47:56,2024-07-05 14:27:05,0
62,637dec4b9a303d3dbfad967f,Tuition for Life Skills/Vocational (special education students only),5dcb0edef20691a648100b8b,5d54499159b33712177e253b,2022-11-23 09:47:56,2024-07-05 14:27:05,0
63,637dec4b9a303d3dbfad9680,"Tutoring (core subjects: grammar, math, science, social studies, reading)",5dcb0edef20691a648100b8b,5d54499159b33712177e253b,2022-11-23 09:47:56,2024-07-05 14:27:05,0
64,637dec4b9a303d3dbfad9681,"Tutoring (specific subjects: PE, music, art, karate, gymnastics, etc.)",5dcb0edef20691a648100b8b,5d54499159b33712177e253b,2022-11-23 09:47:56,2024-07-05 14:27:05,0
65,637dec4b9a303d3dbfad9682,Uniforms (must be purchased from or through a school),5dcb0edef20691a648100b8b,5d54499159b33712177e253b,2022-11-23 09:47:56,2024-07-05 14:27:05,0
66,637dec4b9a303d3dbfad9683,Associated Good (special education students only),5dcb0edef20691a648100b8b,5d54499159b33712177e253b,2022-11-23 09:47:56,2024-07-05 14:27:05,0
67,637dec4b9a303d3dbfad9684,"Tutoring,  Non Academic",5dcb0edef20691a648100b8b,5d54499159b33712177e253b,2022-11-23 09:47:56,2024-07-05 14:27:05,0
68,637dec4b9a303d3dbfad9685,Subscription Monthly,5dcb0edef20691a648100b8b,5d54499159b33712177e253b,2022-11-23 09:47:56,2024-07-05 14:27:05,0
69,637dec4b9a303d3dbfad9686,Subscription Quarterly,5dcb0edef20691a648100b8b,5d54499159b33712177e253b,2022-11-23 09:47:56,2024-07-05 14:27:05,0
70,637dec4b9a303d3dbfad9687,Subscription Annual,5dcb0edef20691a648100b8b,5d54499159b33712177e253b,2022-11-23 09:47:56,2024-07-05 14:27:05,0
71,637dec4b9a303d3dbfad9688,Post-Secondary Expenses,5dcb0edef20691a648100b8b,5d54499159b33712177e253b,2022-11-23 09:47:56,2024-07-05 14:27:05,0
72,637dec4b9a303d3dbfad9689,Educational Materials and Items,5dcb0edef20691a648100b8b,5d54499159b33712177e253b,2022-11-23 09:47:56,2024-07-05 14:27:05,0
73,637dec4b9a303d3dbfad968a,Refunds,5dcb0edef20691a648100b8b,5d54499159b33712177e253b,2022-11-23 09:47:56,2023-03-20 16:28:13,0
74,637dec4b9a303d3dbfad968b,Associated Good and Assistive Tech,5dcb0edef20691a648100b8b,5d54499159b33712177e253b,2022-11-23 09:47:56,2024-07-05 14:27:05,0
75,637dec4b9a303d3dbfad96a7,Furniture,5efc363440d2c5316a03928e,5efc3218304e142aa9495894,2022-11-23 09:47:56,2025-01-30 09:23:37,0
76,637dec4b9a303d3dbfad96a8,Gross Motor Materials,5efc363440d2c5316a03928e,5efc3218304e142aa9495894,2022-11-23 09:47:56,2025-01-30 09:23:37,0
77,637dec4b9a303d3dbfad96a9,Classroom Materials,5efc363440d2c5316a03928e,5efc3218304e142aa9495894,2022-11-23 09:47:56,2025-01-30 09:23:37,0
78,637dec4b9a303d3dbfad96aa,Classroom Supplies/Consumables,5efc363440d2c5316a03928e,5efc3218304e142aa9495894,2022-11-23 09:47:56,2025-01-30 09:23:37,0
79,637dec4b9a303d3dbfad96ab,Professional Development,5efc363440d2c5316a03928e,5efc3218304e142aa9495894,2022-11-23 09:47:56,2025-01-30 09:23:37,0
80,637dec4b9a303d3dbfad96ac,Language and Literacy Materials,5efc363440d2c5316a03928e,5efc3218304e142aa9495894,2022-11-23 09:47:56,2025-01-30 09:23:37,0
81,637dec4b9a303d3dbfad96ad,Social-Emotional Materials,5efc363440d2c5316a03928e,5efc3218304e142aa9495894,2022-11-23 09:47:56,2025-01-30 09:23:37,0
82,637dec4b9a303d3dbfad96bc,Furniture,5efc363340d2c5316a03928d,5efc3218304e142aa9495894,2022-11-23 09:47:56,2023-01-03 14:30:11,0
83,637dec4b9a303d3dbfad96bd,Gross Motor Materials,5efc363340d2c5316a03928d,5efc3218304e142aa9495894,2022-11-23 09:47:56,2023-01-03 14:30:11,0
84,637dec4b9a303d3dbfad96be,Classroom Materials,5efc363340d2c5316a03928d,5efc3218304e142aa9495894,2022-11-23 09:47:56,2023-01-03 14:30:11,0
85,637dec4b9a303d3dbfad96bf,Classroom Supplies/Consumables,5efc363340d2c5316a03928d,5efc3218304e142aa9495894,2022-11-23 09:47:56,2023-01-03 14:30:11,0
86,637dec4b9a303d3dbfad96c0,Professional Development,5efc363340d2c5316a03928d,5efc3218304e142aa9495894,2022-11-23 09:47:56,2023-01-03 14:30:11,0
87,637dec4b9a303d3dbfad96c1,Language and Literacy Materials,5efc363340d2c5316a03928d,5efc3218304e142aa9495894,2022-11-23 09:47:56,2023-01-03 14:30:11,0
88,637dec4b9a303d3dbfad96c2,Social-Emotional Materials,5efc363340d2c5316a03928d,5efc3218304e142aa9495894,2022-11-23 09:47:56,2023-01-03 14:30:11,0
89,637dec4b9a303d3dbfad96fb,Furniture,5efc32188926d42aa977b0ab,5efc3218304e142aa9495894,2022-11-23 09:47:56,,0
90,637dec4b9a303d3dbfad96fc,Gross Motor Materials,5efc32188926d42aa977b0ab,5efc3218304e142aa9495894,2022-11-23 09:47:56,,0
91,637dec4b9a303d3dbfad96fd,Classroom Materials,5efc32188926d42aa977b0ab,5efc3218304e142aa9495894,2022-11-23 09:47:56,,0
92,637dec4b9a303d3dbfad96fe,Classroom Supplies/Consumables,5efc32188926d42aa977b0ab,5efc3218304e142aa9495894,2022-11-23 09:47:56,,0
93,637dec4b9a303d3dbfad96ff,Professional Development,5efc32188926d42aa977b0ab,5efc3218304e142aa9495894,2022-11-23 09:47:56,,0
94,637dec4b9a303d3dbfad9700,Language and Literacy Materials,5efc32188926d42aa977b0ab,5efc3218304e142aa9495894,2022-11-23 09:47:56,,0
95,637dec4b9a303d3dbfad9701,Social-Emotional Materials,5efc32188926d42aa977b0ab,5efc3218304e142aa9495894,2022-11-23 09:47:56,,0
96,637dec4b9a303d3dbfada52c,"Computer hardware, and other devices, including adaptive learning technology",5f92f15aad86ef0023cbddf1,5f92ec8e5eeffb002374fff5,2022-11-23 09:47:56,,0
97,637dec4b9a303d3dbfada52d,Educational Curriculum/Instructional materials,5f92f15aad86ef0023cbddf1,5f92ec8e5eeffb002374fff5,2022-11-23 09:47:56,,0
98,637dec4b9a303d3dbfada52e,Educational computer software (including software to complete school assignments like MS Office Suite),5f92f15aad86ef0023cbddf1,5f92ec8e5eeffb002374fff5,2022-11-23 09:47:56,,0
99,637dec4b9a303d3dbfada52f,Educational course fees,5f92f15aad86ef0023cbddf1,5f92ec8e5eeffb002374fff5,2022-11-23 09:47:56,,0
100,637dec4b9a303d3dbfada530,Educational services and therapies (licensed as applicable to the service or therapy),5f92f15aad86ef0023cbddf1,5f92ec8e5eeffb002374fff5,2022-11-23 09:47:56,,0
101,637dec4b9a303d3dbfada531,Educational supplies/materials,5f92f15aad86ef0023cbddf1,5f92ec8e5eeffb002374fff5,2022-11-23 09:47:56,,0
102,637dec4b9a303d3dbfada532,Internet Connectivity,5f92f15aad86ef0023cbddf1,5f92ec8e5eeffb002374fff5,2022-11-23 09:47:56,,0
103,637dec4b9a303d3dbfada533,Licensed day care,5f92f15aad86ef0023cbddf1,5f92ec8e5eeffb002374fff5,2022-11-23 09:47:56,,0
104,637dec4b9a303d3dbfada534,Tutoring services (licensed business or Idaho certificated instructional staff),5f92f15aad86ef0023cbddf1,5f92ec8e5eeffb002374fff5,2022-11-23 09:47:56,,0
105,637dec4b9a303d3dbfada535,"Computer/laptop* (ex. Chromebooks, desktops)",5fc86e4df05c50505ff3c69a,5fc86bfaf05c50505ff3b304,2022-11-23 09:47:56,,0
106,637dec4b9a303d3dbfada536,Tablet/iPad*,5fc86e4df05c50505ff3c69a,5fc86bfaf05c50505ff3b304,2022-11-23 09:47:56,,0
107,637dec4b9a303d3dbfada537,"Technology Accessories (ex. software, printer, cases, warranties)",5fc86e4df05c50505ff3c69a,5fc86bfaf05c50505ff3b304,2022-11-23 09:47:56,,0
108,637dec4b9a303d3dbfada538,Audio/Visual (ex. headphones),5fc86e4df05c50505ff3c69a,5fc86bfaf05c50505ff3b304,2022-11-23 09:47:56,,0
109,637dec4b9a303d3dbfada539,"Educational Materials and Resources (ex. manipulatives, student desk, books, pens/markers)",5fc86e4df05c50505ff3c69a,5fc86bfaf05c50505ff3b304,2022-11-23 09:47:56,,0
110,637dec4b9a303d3dbfada53a,"Sensory Items (ex. weighted blankets, water tables, therapy tables)",5fc86e4df05c50505ff3c69a,5fc86bfaf05c50505ff3b304,2022-11-23 09:47:56,,0
111,637dec4b9a303d3dbfada53b,Therapists (for all service providers),5fc86e4df05c50505ff3c69a,5fc86bfaf05c50505ff3b304,2022-11-23 09:47:56,,0
112,637dec4b9a303d3dbfada53c,Tutoring,5fc86e4df05c50505ff3c69a,5fc86bfaf05c50505ff3b304,2022-11-23 09:47:56,,0
113,637dec4b9a303d3dbfada545,"Computer/laptop* (ex. Chromebooks, desktops)",619289a9ea90e900216f8829,5fc86bfaf05c50505ff3b304,2022-11-23 09:47:56,,0
114,637dec4b9a303d3dbfada546,Tablet/iPad*,619289a9ea90e900216f8829,5fc86bfaf05c50505ff3b304,2022-11-23 09:47:56,,0
115,637dec4b9a303d3dbfada547,"Technology Accessories (ex. software, printer, cases, warranties)",619289a9ea90e900216f8829,5fc86bfaf05c50505ff3b304,2022-11-23 09:47:56,,0
116,637dec4b9a303d3dbfada548,Audio/Visual (ex. headphones),619289a9ea90e900216f8829,5fc86bfaf05c50505ff3b304,2022-11-23 09:47:56,,0
117,637dec4b9a303d3dbfada549,"Educational Materials and Resources (ex. manipulatives, student desk, books, pens/markers)",619289a9ea90e900216f8829,5fc86bfaf05c50505ff3b304,2022-11-23 09:47:56,,0
118,637dec4b9a303d3dbfada54a,"Sensory Items (ex. weighted blankets, water tables, therapy tables)",619289a9ea90e900216f8829,5fc86bfaf05c50505ff3b304,2022-11-23 09:47:56,,0
119,637dec4b9a303d3dbfada54b,Therapists (for all service providers),619289a9ea90e900216f8829,5fc86bfaf05c50505ff3b304,2022-11-23 09:47:56,,0
120,637dec4b9a303d3dbfada54c,Tutoring,619289a9ea90e900216f8829,5fc86bfaf05c50505ff3b304,2022-11-23 09:47:56,,0
121,637dec4b9a303d3dbfada5bd,Sanitation Supplies,6047b2b302456fc515cc61d3,60463059603f960026dcbf2f,2022-11-23 09:47:56,,0
122,637dec4b9a303d3dbfada5be,Personal Protective Equipment (PPE),6047b2b302456fc515cc61d3,60463059603f960026dcbf2f,2022-11-23 09:47:56,,0
123,637dec4b9a303d3dbfada5bf,Portable air purification systems,6047b2b302456fc515cc61d3,60463059603f960026dcbf2f,2022-11-23 09:47:56,,0
124,637dec4b9a303d3dbfada5c0,Physical barriers,6047b2b302456fc515cc61d3,60463059603f960026dcbf2f,2022-11-23 09:47:56,,0
125,637dec4b9a303d3dbfada5c1,CDC Recommendations,6047b2b302456fc515cc61d3,60463059603f960026dcbf2f,2022-11-23 09:47:56,,0
126,637dec4b9a303d3dbfada5c2,"COVID Testing, monitor, and suppress the virus",6047b2b302456fc515cc61d3,60463059603f960026dcbf2f,2022-11-23 09:47:56,,0
127,637dec4b9a303d3dbfada5c3,Educational technology,6047b2b302456fc515cc61d3,60463059603f960026dcbf2f,2022-11-23 09:47:56,,0
128,637dec4b9a303d3dbfada5c4,Leasing sites,6047b2b302456fc515cc61d3,60463059603f960026dcbf2f,2022-11-23 09:47:56,,0
129,637dec4b9a303d3dbfada5c5,Transportation costs,6047b2b302456fc515cc61d3,60463059603f960026dcbf2f,2022-11-23 09:47:56,,0
130,637dec4b9a303d3dbfada5c6,Ventilation systems/Windows,6047b2b302456fc515cc61d3,60463059603f960026dcbf2f,2022-11-23 09:47:56,,0
131,637dec4b9a303d3dbfada5c7,Training to minimize spread,6047b2b302456fc515cc61d3,60463059603f960026dcbf2f,2022-11-23 09:47:56,,0
132,637dec4b9a303d3dbfada5c8,Redeveloping Instruction,6047b2b302456fc515cc61d3,60463059603f960026dcbf2f,2022-11-23 09:47:56,,0
133,637dec4b9a303d3dbfada5c9,Support for learning loss,6047b2b302456fc515cc61d3,60463059603f960026dcbf2f,2022-11-23 09:47:56,,0
134,637dec4b9a303d3dbfada5e4,Camp,60b13193fe29fa9c5c7b4bf5,6089f0dfe914febe1e7923d2,2022-11-23 09:47:56,,0
135,637dec4b9a303d3dbfada5e5,Tutoring - English,60b13193fe29fa9c5c7b4bf5,6089f0dfe914febe1e7923d2,2022-11-23 09:47:56,,0
136,637dec4b9a303d3dbfada5e6,Tutoring - Math,60b13193fe29fa9c5c7b4bf5,6089f0dfe914febe1e7923d2,2022-11-23 09:47:56,,0
137,637dec4b9a303d3dbfada5e7,Tutoring - Science,60b13193fe29fa9c5c7b4bf5,6089f0dfe914febe1e7923d2,2022-11-23 09:47:56,,0
138,637dec4b9a303d3dbfada5e8,Tutoring - Other,60b13193fe29fa9c5c7b4bf5,6089f0dfe914febe1e7923d2,2022-11-23 09:47:56,,0
139,637dec4b9a303d3dbfada5e9,Special Education Services,60b13193fe29fa9c5c7b4bf5,6089f0dfe914febe1e7923d2,2022-11-23 09:47:56,,0
140,637dec4b9a303d3dbfada608,Tutoring,60934e83e914febe1e4308a7,6089f0dfe914febe1e7923d3,2022-11-23 09:47:56,,0
141,637dec4b9a303d3dbfada609,Online courses,60934e83e914febe1e4308a7,6089f0dfe914febe1e7923d3,2022-11-23 09:47:56,,0
142,637dec4b9a303d3dbfada60a,Curriculum,60934e83e914febe1e4308a7,6089f0dfe914febe1e7923d3,2022-11-23 09:47:56,,0
143,637dec4b9a303d3dbfada60b,Meeting supplies,60934e83e914febe1e4308a7,6089f0dfe914febe1e7923d3,2022-11-23 09:47:56,,0
144,637dec4b9a303d3dbfada60c,Career and college counseling,60934e83e914febe1e4308a7,6089f0dfe914febe1e7923d3,2022-11-23 09:47:56,,0
145,637dec4b9a303d3dbfada60d,Apprenticeship,60934e83e914febe1e4308a7,6089f0dfe914febe1e7923d3,2022-11-23 09:47:56,,0
146,637dec4b9a303d3dbfada60e,Internship,60934e83e914febe1e4308a7,6089f0dfe914febe1e7923d3,2022-11-23 09:47:56,,0
147,637dec4b9a303d3dbfada655,Sanitation Supplies,60954c58764a61f5e57a865f,6089f0dfe914febe1e7923d5,2022-11-23 09:47:56,,0
148,637dec4b9a303d3dbfada656,Personal Protective Equipment (PPE),60954c58764a61f5e57a865f,6089f0dfe914febe1e7923d5,2022-11-23 09:47:56,,0
149,637dec4b9a303d3dbfada657,Portable air purification systems,60954c58764a61f5e57a865f,6089f0dfe914febe1e7923d5,2022-11-23 09:47:56,,0
150,637dec4b9a303d3dbfada658,Physical barriers,60954c58764a61f5e57a865f,6089f0dfe914febe1e7923d5,2022-11-23 09:47:56,,0
151,637dec4b9a303d3dbfada659,CDC Recommendations,60954c58764a61f5e57a865f,6089f0dfe914febe1e7923d5,2022-11-23 09:47:56,,0
152,637dec4b9a303d3dbfada65a,COVID Testing,60954c58764a61f5e57a865f,6089f0dfe914febe1e7923d5,2022-11-23 09:47:56,,0
153,637dec4b9a303d3dbfada65b,Educational technology,60954c58764a61f5e57a865f,6089f0dfe914febe1e7923d5,2022-11-23 09:47:56,,0
154,637dec4b9a303d3dbfada65c,Leasing sites,60954c58764a61f5e57a865f,6089f0dfe914febe1e7923d5,2022-11-23 09:47:56,,0
155,637dec4b9a303d3dbfada65d,Transportation costs,60954c58764a61f5e57a865f,6089f0dfe914febe1e7923d5,2022-11-23 09:47:56,,0
156,637dec4b9a303d3dbfada65e,Ventilation systems/Windows,60954c58764a61f5e57a865f,6089f0dfe914febe1e7923d5,2022-11-23 09:47:56,,0
157,637dec4b9a303d3dbfada65f,Training to minimize spread,60954c58764a61f5e57a865f,6089f0dfe914febe1e7923d5,2022-11-23 09:47:56,,0
158,637dec4b9a303d3dbfada660,Redeveloping Instruction,60954c58764a61f5e57a865f,6089f0dfe914febe1e7923d5,2022-11-23 09:47:56,,0
159,637dec4b9a303d3dbfada661,Support for learning loss,60954c58764a61f5e57a865f,6089f0dfe914febe1e7923d5,2022-11-23 09:47:56,,0
160,637dec4b9a303d3dbfada689,Maint 8150,60adc390fe29fa9c5c36a581,6089f0dfe914febe1e7923d6,2022-11-23 09:47:56,,0
161,637dec4b9a303d3dbfada68a,Transp 0723,60adc390fe29fa9c5c36a581,6089f0dfe914febe1e7923d6,2022-11-23 09:47:56,,0
162,637dec4b9a303d3dbfada68b,Golden PUSD Supply Funds,60adc390fe29fa9c5c36a581,6089f0dfe914febe1e7923d6,2022-11-23 09:47:56,,0
163,637dec4b9a303d3dbfada68f,Maint 8150,60adc490fe29fa9c5c36b631,6089f0dfe914febe1e7923d6,2022-11-23 09:47:56,,0
164,637dec4b9a303d3dbfada690,Transp 0723,60adc490fe29fa9c5c36b631,6089f0dfe914febe1e7923d6,2022-11-23 09:47:56,,0
165,637dec4b9a303d3dbfada691,Golden PUSD Supply Funds,60adc490fe29fa9c5c36b631,6089f0dfe914febe1e7923d6,2022-11-23 09:47:56,,0
166,637dec4b9a303d3dbfada69e,Reimbursement #1 - Cleaning Supplies,60ae7d65fe29fa9c5c43b540,6089f0dfe914febe1e7923d7,2022-11-23 09:47:56,,0
167,637dec4b9a303d3dbfada69f,Reimbursement #2 - PPE,60ae7d65fe29fa9c5c43b540,6089f0dfe914febe1e7923d7,2022-11-23 09:47:56,,0
168,637dec4b9a303d3dbfada6a0,Reimbursement #3 - Portable Air Purification Systems,60ae7d65fe29fa9c5c43b540,6089f0dfe914febe1e7923d7,2022-11-23 09:47:56,,0
169,637dec4b9a303d3dbfada6a1,Reimbursement #5 - Physical Barriers,60ae7d65fe29fa9c5c43b540,6089f0dfe914febe1e7923d7,2022-11-23 09:47:56,,0
170,637dec4b9a303d3dbfada6a2,Reimbursement #6 - Other Supplies as Recommended by CDC,60ae7d65fe29fa9c5c43b540,6089f0dfe914febe1e7923d7,2022-11-23 09:47:56,,0
171,637dec4b9a303d3dbfada6a3,"Reimbursement #7 - Expanding Capacity for Testing, Monitoring, and Suppressing COVID",60ae7d65fe29fa9c5c43b540,6089f0dfe914febe1e7923d7,2022-11-23 09:47:56,,0
172,637dec4b9a303d3dbfada6a4,Reimbursement #8 - Educational Technology,60ae7d65fe29fa9c5c43b540,6089f0dfe914febe1e7923d7,2022-11-23 09:47:56,,0
173,637dec4b9a303d3dbfada6a5,Reimbursement #10 - Leasing Sites,60ae7d65fe29fa9c5c43b540,6089f0dfe914febe1e7923d7,2022-11-23 09:47:56,,0
174,637dec4b9a303d3dbfada6a6,Reimbursement #11 - Reasonable Transportation Costs,60ae7d65fe29fa9c5c43b540,6089f0dfe914febe1e7923d7,2022-11-23 09:47:56,,0
175,637dec4b9a303d3dbfada6a7,Future Services #1 - Cleaning Supplies,60ae7d65fe29fa9c5c43b540,6089f0dfe914febe1e7923d7,2022-11-23 09:47:56,,0
176,637dec4b9a303d3dbfada6a8,Future Services #2 - PPE,60ae7d65fe29fa9c5c43b540,6089f0dfe914febe1e7923d7,2022-11-23 09:47:56,,0
177,637dec4b9a303d3dbfada6a9,Future Services #3 - Improving Ventilation,60ae7d65fe29fa9c5c43b540,6089f0dfe914febe1e7923d7,2022-11-23 09:47:56,,0
178,637dec4b9a303d3dbfada6aa,"Future Services #4 - Training on Sanitization, PPE, and Minimizing Spread",60ae7d65fe29fa9c5c43b540,6089f0dfe914febe1e7923d7,2022-11-23 09:47:56,,0
179,637dec4b9a303d3dbfada6ab,Future Services #5 - Physical Barriers,60ae7d65fe29fa9c5c43b540,6089f0dfe914febe1e7923d7,2022-11-23 09:47:56,,0
180,637dec4b9a303d3dbfada6ac,Future Services #6 - Other Supplies as Recommended by CDC,60ae7d65fe29fa9c5c43b540,6089f0dfe914febe1e7923d7,2022-11-23 09:47:56,,0
181,637dec4b9a303d3dbfada6ad,"Future Services #7 - Expanding Capacity for Testing, Monitoring, and Suppressing COVID",60ae7d65fe29fa9c5c43b540,6089f0dfe914febe1e7923d7,2022-11-23 09:47:56,,0
182,637dec4b9a303d3dbfada6ae,Future Services #8 - Educational Technology,60ae7d65fe29fa9c5c43b540,6089f0dfe914febe1e7923d7,2022-11-23 09:47:56,,0
183,637dec4b9a303d3dbfada6af,Future Services #9 - Instructional Plans and Learning Loss,60ae7d65fe29fa9c5c43b540,6089f0dfe914febe1e7923d7,2022-11-23 09:47:56,,0
184,637dec4b9a303d3dbfada6b0,Future Services #10 - Leasing Sites,60ae7d65fe29fa9c5c43b540,6089f0dfe914febe1e7923d7,2022-11-23 09:47:56,,0
185,637dec4b9a303d3dbfada6b1,Future Services #11 - Reasonable Transportation Costs,60ae7d65fe29fa9c5c43b540,6089f0dfe914febe1e7923d7,2022-11-23 09:47:56,,0
186,637dec4b9a303d3dbfada6b2,Future Services #12 - Education and Support Services,60ae7d65fe29fa9c5c43b540,6089f0dfe914febe1e7923d7,2022-11-23 09:47:56,,0
187,637dec4b9a303d3dbfada6f2,It would provide child care,60934e83e914febe1e4308a8,6089f0dfe914febe1e7923d9,2022-11-23 09:47:56,,0
188,637dec4b9a303d3dbfada6f3,"Engage in physical activity (e.g., sports or outdoor adventure)",60934e83e914febe1e4308a8,6089f0dfe914febe1e7923d9,2022-11-23 09:47:56,,0
189,637dec4b9a303d3dbfada6f4,"Engage in academic learning (e.g, in science, math, or writing)",60934e83e914febe1e4308a8,6089f0dfe914febe1e7923d9,2022-11-23 09:47:56,,0
190,637dec4b9a303d3dbfada6f5,"Engage in the arts (e.g., visual arts, music, dance, theater)",60934e83e914febe1e4308a8,6089f0dfe914febe1e7923d9,2022-11-23 09:47:56,,0
191,637dec4b9a303d3dbfada6f6,Have a chance to pick what they want to learn about or what activity they will do,60934e83e914febe1e4308a8,6089f0dfe914febe1e7923d9,2022-11-23 09:47:56,,0
192,637dec4b9a303d3dbfada6f7,Learn new things about their culture and community,60934e83e914febe1e4308a8,6089f0dfe914febe1e7923d9,2022-11-23 09:47:56,,0
193,637dec4b9a303d3dbfada6f8,Feel part of community,60934e83e914febe1e4308a8,6089f0dfe914febe1e7923d9,2022-11-23 09:47:56,,0
194,637dec4b9a303d3dbfada6f9,Learn study habits and how to better manage themselves and their time independently,60934e83e914febe1e4308a8,6089f0dfe914febe1e7923d9,2022-11-23 09:47:56,,0
195,637dec4b9a303d3dbfada6fa,Reimbursement #1 - Ventilation,60954d02764a61f5e57a9389,6089f0dfe914febe1e7923e1,2022-11-23 09:47:56,,0
196,637dec4b9a303d3dbfada6fb,Reimbursement #2 - Instructional Plans,60954d02764a61f5e57a9389,6089f0dfe914febe1e7923e1,2022-11-23 09:47:56,,0
197,637dec4b9a303d3dbfada6fc,Reimbursement #3 - Cleaning Supplies,60954d02764a61f5e57a9389,6089f0dfe914febe1e7923e1,2022-11-23 09:47:56,,0
198,637dec4b9a303d3dbfada6fd,Reimbursement #4 - PPE,60954d02764a61f5e57a9389,6089f0dfe914febe1e7923e1,2022-11-23 09:47:56,,0
199,637dec4b9a303d3dbfada6fe,Reimbursement #5 - Training for Protection,60954d02764a61f5e57a9389,6089f0dfe914febe1e7923e1,2022-11-23 09:47:56,,0
200,637dec4b9a303d3dbfada6ff,Reimbursement #6 - Barriers,60954d02764a61f5e57a9389,6089f0dfe914febe1e7923e1,2022-11-23 09:47:56,,0
201,637dec4b9a303d3dbfada700,Reimbursement #7 – CDC Recommendations,60954d02764a61f5e57a9389,6089f0dfe914febe1e7923e1,2022-11-23 09:47:56,,0
202,637dec4b9a303d3dbfada701,Reimbursement #8 - Testing,60954d02764a61f5e57a9389,6089f0dfe914febe1e7923e1,2022-11-23 09:47:56,,0
203,637dec4b9a303d3dbfada702,Reimbursement #9 – Ed Tech,60954d02764a61f5e57a9389,6089f0dfe914febe1e7923e1,2022-11-23 09:47:56,,0
204,637dec4b9a303d3dbfada703,Reimbursement #10 - Leasing Spaces,60954d02764a61f5e57a9389,6089f0dfe914febe1e7923e1,2022-11-23 09:47:56,,0
205,637dec4b9a303d3dbfada704,Reimbursement #11 - Transportation,60954d02764a61f5e57a9389,6089f0dfe914febe1e7923e1,2022-11-23 09:47:56,,0
206,637dec4b9a303d3dbfada705,Reimbursement #12 - Continued Services,60954d02764a61f5e57a9389,6089f0dfe914febe1e7923e1,2022-11-23 09:47:56,,0
207,637dec4b9a303d3dbfada706,Future Services #1 - Ventilation,60954d02764a61f5e57a9389,6089f0dfe914febe1e7923e1,2022-11-23 09:47:56,,0
208,637dec4b9a303d3dbfada707,Future Services #2 - Instructional Plans,60954d02764a61f5e57a9389,6089f0dfe914febe1e7923e1,2022-11-23 09:47:56,,0
209,637dec4b9a303d3dbfada708,Future Services #3 - Cleaning Supplies,60954d02764a61f5e57a9389,6089f0dfe914febe1e7923e1,2022-11-23 09:47:56,,0
210,637dec4b9a303d3dbfada709,Future Services #4 - PPE,60954d02764a61f5e57a9389,6089f0dfe914febe1e7923e1,2022-11-23 09:47:56,,0
211,637dec4b9a303d3dbfada70a,Future Services #5 - Training for Protection,60954d02764a61f5e57a9389,6089f0dfe914febe1e7923e1,2022-11-23 09:47:56,,0
212,637dec4b9a303d3dbfada70b,Future Services #6 - Barriers,60954d02764a61f5e57a9389,6089f0dfe914febe1e7923e1,2022-11-23 09:47:56,,0
213,637dec4b9a303d3dbfada70c,Future Services #7 – CDC Recommendations,60954d02764a61f5e57a9389,6089f0dfe914febe1e7923e1,2022-11-23 09:47:56,,0
214,637dec4b9a303d3dbfada70d,Future Services #8 - Testing,60954d02764a61f5e57a9389,6089f0dfe914febe1e7923e1,2022-11-23 09:47:56,,0
215,637dec4b9a303d3dbfada70e,Future Services #9 – Ed Tech,60954d02764a61f5e57a9389,6089f0dfe914febe1e7923e1,2022-11-23 09:47:56,,0
216,637dec4b9a303d3dbfada70f,Future Services #10 - Leasing Spaces,60954d02764a61f5e57a9389,6089f0dfe914febe1e7923e1,2022-11-23 09:47:56,,0
217,637dec4b9a303d3dbfada710,Future Services #11 - Transportation,60954d02764a61f5e57a9389,6089f0dfe914febe1e7923e1,2022-11-23 09:47:56,,0
218,637dec4b9a303d3dbfada711,Future Services #12 - Continued Services,60954d02764a61f5e57a9389,6089f0dfe914febe1e7923e1,2022-11-23 09:47:56,,0
219,637dec4b9a303d3dbfada772,Cleaning supplies,60954dc2764a61f5e57aa434,6089f132e914febe1e792977,2022-11-23 09:47:56,,0
220,637dec4b9a303d3dbfada773,PPE,60954dc2764a61f5e57aa434,6089f132e914febe1e792977,2022-11-23 09:47:56,,0
221,637dec4b9a303d3dbfada774,Air purifier(s),60954dc2764a61f5e57aa434,6089f132e914febe1e792977,2022-11-23 09:47:56,,0
222,637dec4b9a303d3dbfada775,Physical barriers,60954dc2764a61f5e57aa434,6089f132e914febe1e792977,2022-11-23 09:47:56,,0
223,637dec4b9a303d3dbfada776,Other health,60954dc2764a61f5e57aa434,6089f132e914febe1e792977,2022-11-23 09:47:56,,0
224,637dec4b9a303d3dbfada777,COVID-19 testing,60954dc2764a61f5e57aa434,6089f132e914febe1e792977,2022-11-23 09:47:56,,0
225,637dec4b9a303d3dbfada778,Ed Technology,60954dc2764a61f5e57aa434,6089f132e914febe1e792977,2022-11-23 09:47:56,,0
226,637dec4b9a303d3dbfada779,Leasing space,60954dc2764a61f5e57aa434,6089f132e914febe1e792977,2022-11-23 09:47:56,,0
227,637dec4b9a303d3dbfada77a,Transportation,60954dc2764a61f5e57aa434,6089f132e914febe1e792977,2022-11-23 09:47:56,,0
228,637dec4b9a303d3dbfada77b,INVOICE - Curriculum development (No Reimbursement),60954dc2764a61f5e57aa434,6089f132e914febe1e792977,2022-11-23 09:47:56,,0
229,637dec4b9a303d3dbfada77c,INVOICE - Direct support services  (No Reimbursement),60954dc2764a61f5e57aa434,6089f132e914febe1e792977,2022-11-23 09:47:56,,0
230,637dec4b9a303d3dbfada79e,Sanitation Supplies,60a543fcfe29fa9c5c9d5f5a,60a5425efc26ae002629861e,2022-11-23 09:47:56,,0
231,637dec4b9a303d3dbfada79f,Personal Protective Equipment,60a543fcfe29fa9c5c9d5f5a,60a5425efc26ae002629861e,2022-11-23 09:47:56,,0
232,637dec4b9a303d3dbfada7a0,Ventilation/Windows (Unallowable for Reimbursement) / Portable Air Purification Systems,60a543fcfe29fa9c5c9d5f5a,60a5425efc26ae002629861e,2022-11-23 09:47:56,,0
233,637dec4b9a303d3dbfada7a1,Physical Barriers,60a543fcfe29fa9c5c9d5f5a,60a5425efc26ae002629861e,2022-11-23 09:47:56,,0
234,637dec4b9a303d3dbfada7a2,CDC Recommendations,60a543fcfe29fa9c5c9d5f5a,60a5425efc26ae002629861e,2022-11-23 09:47:56,,0
235,637dec4b9a303d3dbfada7a3,COVID-19 Testing,60a543fcfe29fa9c5c9d5f5a,60a5425efc26ae002629861e,2022-11-23 09:47:56,,0
236,637dec4b9a303d3dbfada7a4,Educational Technology,60a543fcfe29fa9c5c9d5f5a,60a5425efc26ae002629861e,2022-11-23 09:47:56,,0
237,637dec4b9a303d3dbfada7a5,Leasing Sites,60a543fcfe29fa9c5c9d5f5a,60a5425efc26ae002629861e,2022-11-23 09:47:56,,0
238,637dec4b9a303d3dbfada7a6,Reasonable Transportation Costs,60a543fcfe29fa9c5c9d5f5a,60a5425efc26ae002629861e,2022-11-23 09:47:56,,0
239,637dec4b9a303d3dbfada7a7,Support for Learning Loss (Unallowable for Reimbursement),60a543fcfe29fa9c5c9d5f5a,60a5425efc26ae002629861e,2022-11-23 09:47:56,,0
240,637dec4b9a303d3dbfada7a8,Training to Minimize Spread (Unallowable for Reimbursement),60a543fcfe29fa9c5c9d5f5a,60a5425efc26ae002629861e,2022-11-23 09:47:56,,0
241,637dec4b9a303d3dbfada7a9,Redeveloping Instruction (Unallowable for Reimbursement),60a543fcfe29fa9c5c9d5f5a,60a5425efc26ae002629861e,2022-11-23 09:47:56,,0
242,637dec4b9a303d3dbfada7ce,"Educational services and therapies, including, but not limited to, occupational, behavioral, physical, speech-language, and audiology therapies",60afa2e5fe29fa9c5c58431f,60ad5253fc26ae002629861f,2022-11-23 09:47:56,,0
243,637dec4b9a303d3dbfada7cf,Tuition and fees at a private school,60afa2e5fe29fa9c5c58431f,60ad5253fc26ae002629861f,2022-11-23 09:47:56,,0
244,637dec4b9a303d3dbfada7d0,Tuition and fees for non-public / private online learning programs,60afa2e5fe29fa9c5c58431f,60ad5253fc26ae002629861f,2022-11-23 09:47:56,,0
245,637dec4b9a303d3dbfada7d1,Tutoring services,60afa2e5fe29fa9c5c58431f,60ad5253fc26ae002629861f,2022-11-23 09:47:56,,0
246,637dec4b9a303d3dbfada7d2,"Individual classes, curricular activities, programs and services provided by a district public school, chartered public school, public academy, or independent school",60afa2e5fe29fa9c5c58431f,60ad5253fc26ae002629861f,2022-11-23 09:47:56,,0
247,637dec4b9a303d3dbfada7d3,"Textbooks, curriculum, or other instructional and supplemental materials or online instruction required by curriculum or provider",60afa2e5fe29fa9c5c58431f,60ad5253fc26ae002629861f,2022-11-23 09:47:56,,0
248,637dec4b9a303d3dbfada7d4,School uniforms,60afa2e5fe29fa9c5c58431f,60ad5253fc26ae002629861f,2022-11-23 09:47:56,,0
249,637dec4b9a303d3dbfada7d5,"Computer hardware, Internet connectivity, or other technological services and devices",60afa2e5fe29fa9c5c58431f,60ad5253fc26ae002629861f,2022-11-23 09:47:56,,0
250,637dec4b9a303d3dbfada7d6,Educational software and applications,60afa2e5fe29fa9c5c58431f,60ad5253fc26ae002629861f,2022-11-23 09:47:56,,0
251,637dec4b9a303d3dbfada7d7,"Fees for nationally standardized assessments, advanced placement examinations, examinations related to college or university admission or awarding of credits and tuition and/or fees for preparatory co",60afa2e5fe29fa9c5c58431f,60ad5253fc26ae002629861f,2022-11-23 09:47:56,,0
252,637dec4b9a303d3dbfada7d8,Fees for transportation paid to a fee-for-service transportation provider for the student to travel directly to and from an approved education service provider,60afa2e5fe29fa9c5c58431f,60ad5253fc26ae002629861f,2022-11-23 09:47:56,,0
253,637dec4b9a303d3dbfada7d9,Tuition and fees for summer education programs and specialized education programs,60afa2e5fe29fa9c5c58431f,60ad5253fc26ae002629861f,2022-11-23 09:47:56,,0
254,637dec4b9a303d3dbfada7da,Tuition and fees at an institution of higher education,60afa2e5fe29fa9c5c58431f,60ad5253fc26ae002629861f,2022-11-23 09:47:56,,0
255,637dec4b9a303d3dbfada7db,Tuition and fees at a career or technical school and related instructional materials,60afa2e5fe29fa9c5c58431f,60ad5253fc26ae002629861f,2022-11-23 09:47:56,,0
256,637dec4b9a303d3dbfada830,034,60f03a272aaf6300268d6577,60f03a27ebbd120026115ed6,2022-11-23 09:47:56,,0
257,637dec4b9a303d3dbfada831,108,60f03a272aaf6300268d6577,60f03a27ebbd120026115ed6,2022-11-23 09:47:56,,0
258,637dec4b9a303d3dbfada832,112,60f03a272aaf6300268d6577,60f03a27ebbd120026115ed6,2022-11-23 09:47:56,,0
259,637dec4b9a303d3dbfada833,302,60f03a272aaf6300268d6577,60f03a27ebbd120026115ed6,2022-11-23 09:47:56,,0
260,637dec4b9a303d3dbfada834,555,60f03a272aaf6300268d6577,60f03a27ebbd120026115ed6,2022-11-23 09:47:56,,0
261,637dec4b9a303d3dbfada835,704,60f03a272aaf6300268d6577,60f03a27ebbd120026115ed6,2022-11-23 09:47:56,,0
262,637dec4b9a303d3dbfada83c,034,636d0d9411db4c000bbd76a4,60f03a27ebbd120026115ed6,2022-11-23 09:47:56,,0
263,637dec4b9a303d3dbfada83d,108,636d0d9411db4c000bbd76a4,60f03a27ebbd120026115ed6,2022-11-23 09:47:56,,0
264,637dec4b9a303d3dbfada83e,112,636d0d9411db4c000bbd76a4,60f03a27ebbd120026115ed6,2022-11-23 09:47:56,,0
265,637dec4b9a303d3dbfada83f,302,636d0d9411db4c000bbd76a4,60f03a27ebbd120026115ed6,2022-11-23 09:47:56,,0
266,637dec4b9a303d3dbfada840,555,636d0d9411db4c000bbd76a4,60f03a27ebbd120026115ed6,2022-11-23 09:47:56,,0
267,637dec4b9a303d3dbfada841,704,636d0d9411db4c000bbd76a4,60f03a27ebbd120026115ed6,2022-11-23 09:47:56,,0
268,637dec4b9a303d3dbfada86c,School Tuition,613261ae330a72002129cc14,613261aecf9eba002193daa8,2022-11-23 09:47:56,,0
269,637dec4b9a303d3dbfada86d,School Transportation Services,613261ae330a72002129cc14,613261aecf9eba002193daa8,2022-11-23 09:47:56,,0
270,637dec4b9a303d3dbfada86e,Online Tutoring Services (only Varsity Tutors),613261ae330a72002129cc14,613261aecf9eba002193daa8,2022-11-23 09:47:56,,0
271,637dec4b9a303d3dbfada86f,"Provider Care Fees  (childcare, daycare, after-school care, and before-school care)",613261ae330a72002129cc14,613261aecf9eba002193daa8,2022-11-23 09:47:56,,0
272,637dec4b9a303d3dbfada870,School Supplies,613261ae330a72002129cc14,613261aecf9eba002193daa8,2022-11-23 09:47:56,,0
273,637dec4b9a303d3dbfada885,ELC - Personal Protective Equipment (PPE) as classified by the Centers for Disease Control and Prevention (CDC) or other federal entity,613f7696bc89cf0020d04ba9,613f7696f196a60020e4d25d,2022-11-23 09:47:56,,0
274,637dec4b9a303d3dbfada886,ELC - Educational Resources,613f7696bc89cf0020d04ba9,613f7696f196a60020e4d25d,2022-11-23 09:47:56,,0
275,637dec4b9a303d3dbfada887,ELC - Books,613f7696bc89cf0020d04ba9,613f7696f196a60020e4d25d,2022-11-23 09:47:56,,0
276,637dec4b9a303d3dbfada888,ELC - Computers,613f7696bc89cf0020d04ba9,613f7696f196a60020e4d25d,2022-11-23 09:47:56,,0
277,637dec4b9a303d3dbfada889,"ELC - Other IT Purchases (tablets, printers, monitors, keyboards, other peripherals, etc.)",613f7696bc89cf0020d04ba9,613f7696f196a60020e4d25d,2022-11-23 09:47:56,,0
278,637dec4b9a303d3dbfada88a,ELC - Classroom supplies,613f7696bc89cf0020d04ba9,613f7696f196a60020e4d25d,2022-11-23 09:47:56,,0
279,637dec4b9a303d3dbfada88b,ELC - Office Supplies,613f7696bc89cf0020d04ba9,613f7696f196a60020e4d25d,2022-11-23 09:47:56,,0
280,637dec4b9a303d3dbfada88c,ELC - Tutoring,613f7696bc89cf0020d04ba9,613f7696f196a60020e4d25d,2022-11-23 09:47:56,,0
281,637dec4b9a303d3dbfada88d,ELC - Cleaning supplies,613f7696bc89cf0020d04ba9,613f7696f196a60020e4d25d,2022-11-23 09:47:56,,0
282,637dec4b9a303d3dbfada88e,ELC - Other supplies or equipment directly related to education and/or COVID-19 testing or mitigation efforts for the Educational Entity,613f7696bc89cf0020d04ba9,613f7696f196a60020e4d25d,2022-11-23 09:47:56,,0
283,637dec4b9a303d3dbfada899,Sanitation Supplies,6166f386523b0bbd9a5e2379,61577ce98480b0002142ac9d,2022-11-23 09:47:56,,0
284,637dec4b9a303d3dbfada89a,Personal Protective Equipment (PPE),6166f386523b0bbd9a5e2379,61577ce98480b0002142ac9d,2022-11-23 09:47:56,,0
285,637dec4b9a303d3dbfada89b,Ventilation/Windows (Unallowable for Reimbursement) / Portable Air Purification Systems,6166f386523b0bbd9a5e2379,61577ce98480b0002142ac9d,2022-11-23 09:47:56,,0
286,637dec4b9a303d3dbfada89c,Physical Barriers,6166f386523b0bbd9a5e2379,61577ce98480b0002142ac9d,2022-11-23 09:47:56,,0
287,637dec4b9a303d3dbfada89d,CDC Recommendations,6166f386523b0bbd9a5e2379,61577ce98480b0002142ac9d,2022-11-23 09:47:56,,0
288,637dec4b9a303d3dbfada89e,COVID-19 Testing,6166f386523b0bbd9a5e2379,61577ce98480b0002142ac9d,2022-11-23 09:47:56,,0
289,637dec4b9a303d3dbfada89f,Educational Technology,6166f386523b0bbd9a5e2379,61577ce98480b0002142ac9d,2022-11-23 09:47:56,,0
290,637dec4b9a303d3dbfada8a0,Leasing Sites,6166f386523b0bbd9a5e2379,61577ce98480b0002142ac9d,2022-11-23 09:47:56,,0
291,637dec4b9a303d3dbfada8a1,Reasonable Transportation Costs,6166f386523b0bbd9a5e2379,61577ce98480b0002142ac9d,2022-11-23 09:47:56,,0
292,637dec4b9a303d3dbfada8a2,Support for Learning Loss,6166f386523b0bbd9a5e2379,61577ce98480b0002142ac9d,2022-11-23 09:47:56,,0
293,637dec4b9a303d3dbfada8a3,Training to Minimize Spread,6166f386523b0bbd9a5e2379,61577ce98480b0002142ac9d,2022-11-23 09:47:56,,0
294,637dec4b9a303d3dbfada8a4,Redeveloping Instruction,6166f386523b0bbd9a5e2379,61577ce98480b0002142ac9d,2022-11-23 09:47:56,,0
295,637dec4b9a303d3dbfada8bd,"Tutition, Fees, or Textbooks",61ae2a3bb720240020061992,61ae204b7f4d31002080ca82,2022-11-23 09:47:56,,0
296,637dec4b9a303d3dbfada8be,Therapy or Treatment,61ae2a3bb720240020061992,61ae204b7f4d31002080ca82,2022-11-23 09:47:56,,0
297,637dec4b9a303d3dbfada8c1,ELC - Personnel to support COVID-19 testing programs,61b9ee37412ff600214e1dc4,61b9ed5b07a1a800212d30e6,2022-11-23 09:47:56,,0
298,637dec4b9a303d3dbfada8c2,ELC - Laboratory equipment used for COVID-19 testing and necessary maintenance contracts,61b9ee37412ff600214e1dc4,61b9ed5b07a1a800212d30e6,2022-11-23 09:47:56,,0
299,637dec4b9a303d3dbfada8c3,"ELC - Collection supplies, test kits, reagents, consumables and other necessary supplies for existing testing or onboarding new platforms to support testing",61b9ee37412ff600214e1dc4,61b9ed5b07a1a800212d30e6,2022-11-23 09:47:56,,0
300,637dec4b9a303d3dbfada8c4,ELC - Personal Protective Equipment to support COVID-19 testing programs,61b9ee37412ff600214e1dc4,61b9ed5b07a1a800212d30e6,2022-11-23 09:47:56,,0
301,637dec4b9a303d3dbfada8c5,ELC - Hygiene and cleaning supplies to support COVID-19 testing programs,61b9ee37412ff600214e1dc4,61b9ed5b07a1a800212d30e6,2022-11-23 09:47:56,,0
302,637dec4b9a303d3dbfada8c6,ELC - Hardware and software necessary for reporting to public health and communication and coordination of follow up on any positive cases detected,61b9ee37412ff600214e1dc4,61b9ed5b07a1a800212d30e6,2022-11-23 09:47:56,,0
303,637dec4b9a303d3dbfada8c7,"ELC - Contracts with academic institutions, private laboratories, other non-commercial healthcare entities, and/or commercial entities that may provide all or part of the screening testing needs.",61b9ee37412ff600214e1dc4,61b9ed5b07a1a800212d30e6,2022-11-23 09:47:56,,0
304,637dec4b9a303d3dbfada8c8,ELC - Expenses associated with outreach and assistance to establish or promote school-based testing programs,61b9ee37412ff600214e1dc4,61b9ed5b07a1a800212d30e6,2022-11-23 09:47:56,,0
305,637dec4b9a303d3dbfada8c9,ELC - Testing events that may also involve other mitigation activities to limit the spread of COVID-19.,61b9ee37412ff600214e1dc4,61b9ed5b07a1a800212d30e6,2022-11-23 09:47:56,,0
306,637dec4b9a303d3dbfada8d3,EANS - Sanitation Supplies,6206b237eebdf70020fdc163,6206b20f814aea0020681a81,2022-11-23 09:47:56,2022-12-21 19:22:44,0
307,637dec4b9a303d3dbfada8d4,EANS - PPE,6206b237eebdf70020fdc163,6206b20f814aea0020681a81,2022-11-23 09:47:56,2022-12-21 19:22:44,0
308,637dec4b9a303d3dbfada8d5,EANS - Ventilation System Improvements,6206b237eebdf70020fdc163,6206b20f814aea0020681a81,2022-11-23 09:47:56,2022-12-21 19:22:44,0
309,637dec4b9a303d3dbfada8d6,EANS - Training/Professional Develop re: COVID related,6206b237eebdf70020fdc163,6206b20f814aea0020681a81,2022-11-23 09:47:56,2022-12-21 19:22:44,0
310,637dec4b9a303d3dbfada8d7,EANS - Physical Barriers,6206b237eebdf70020fdc163,6206b20f814aea0020681a81,2022-11-23 09:47:56,2022-12-21 19:22:44,0
311,637dec4b9a303d3dbfada8d8,EANS - Other CDC Recommended Supplies,6206b237eebdf70020fdc163,6206b20f814aea0020681a81,2022-11-23 09:47:56,2022-12-21 19:22:44,0
312,637dec4b9a303d3dbfada8d9,EANS - Coronavirus Testing,6206b237eebdf70020fdc163,6206b20f814aea0020681a81,2022-11-23 09:47:56,2022-12-21 19:22:44,0
313,637dec4b9a303d3dbfada8da,EANS - Educational Technology,6206b237eebdf70020fdc163,6206b20f814aea0020681a81,2022-11-23 09:47:56,2022-12-21 19:22:44,0
314,637dec4b9a303d3dbfada8db,EANS - Instructional Plan Redevelopment,6206b237eebdf70020fdc163,6206b20f814aea0020681a81,2022-11-23 09:47:56,2022-12-21 19:22:44,0
315,637dec4b9a303d3dbfada8dc,EANS - Site/Space Leases,6206b237eebdf70020fdc163,6206b20f814aea0020681a81,2022-11-23 09:47:56,2022-12-21 19:22:44,0
316,637dec4b9a303d3dbfada8dd,EANS - Transportation,6206b237eebdf70020fdc163,6206b20f814aea0020681a81,2022-11-23 09:47:56,2022-12-21 19:22:44,0
317,637dec4b9a303d3dbfada8de,EANS - Education/Support Services,6206b237eebdf70020fdc163,6206b20f814aea0020681a81,2022-11-23 09:47:56,2022-12-21 19:22:44,0
318,637dec4b9a303d3dbfada8eb,Classroom Grants - Children’s Books,623433f654169200207223bb,623431960bd006002044a2d6,2022-11-23 09:47:56,,0
319,637dec4b9a303d3dbfada8ec,Classroom Grants - Consumables,623433f654169200207223bb,623431960bd006002044a2d6,2022-11-23 09:47:56,,0
320,637dec4b9a303d3dbfada8ed,Classroom Grants - Instructional Materials,623433f654169200207223bb,623431960bd006002044a2d6,2022-11-23 09:47:56,,0
321,637dec4b9a303d3dbfada8ee,Classroom Grants - Manipulatives,623433f654169200207223bb,623431960bd006002044a2d6,2022-11-23 09:47:56,,0
322,637dec4b9a303d3dbfada8ef,Classroom Grants - Teacher Books,623433f654169200207223bb,623431960bd006002044a2d6,2022-11-23 09:47:56,,0
323,637dec4b9a303d3dbfada8f0,COVID-19 Grants - COVID-19 Test Kits,623433f654169200207223bb,623431960bd006002044a2d6,2022-11-23 09:47:56,,0
324,637dec4b9a303d3dbfada8f1,"COVID-19 Grants - PPE (gloves, masks, face shields, gowns or hand sanitizer)",623433f654169200207223bb,623431960bd006002044a2d6,2022-11-23 09:47:56,,0
325,637dec4b9a303d3dbfada8f2,QRR Grants - Furniture,623433f654169200207223bb,623431960bd006002044a2d6,2022-11-23 09:47:56,,0
326,637dec4b9a303d3dbfada8f3,QRR Grants - Gross Motor Materials,623433f654169200207223bb,623431960bd006002044a2d6,2022-11-23 09:47:56,,0
327,637dec4b9a303d3dbfada8f4,QRR Grants - Classroom Materials,623433f654169200207223bb,623431960bd006002044a2d6,2022-11-23 09:47:56,,0
328,637dec4b9a303d3dbfada8f5,QRR Grants - Classroom Supplies/Consumables,623433f654169200207223bb,623431960bd006002044a2d6,2022-11-23 09:47:56,,0
329,637dec4b9a303d3dbfada8f6,QRR Grants - Professional Development,623433f654169200207223bb,623431960bd006002044a2d6,2022-11-23 09:47:56,,0
330,637dec4b9a303d3dbfada8f7,QRR Grants - Language and Literacy Materials,623433f654169200207223bb,623431960bd006002044a2d6,2022-11-23 09:47:56,,0
331,637dec4b9a303d3dbfada8f8,QRR Grants - Social-Emotional Materials,623433f654169200207223bb,623431960bd006002044a2d6,2022-11-23 09:47:56,,0
332,637dec4b9a303d3dbfada8f9,Classroom Grants - Children’s Books,623433f654169200207223bc,623431960bd006002044a2d6,2022-11-23 09:47:56,2022-11-23 12:51:14,0
333,637dec4b9a303d3dbfada8fa,Classroom Grants - Consumables,623433f654169200207223bc,623431960bd006002044a2d6,2022-11-23 09:47:56,2022-11-23 12:51:14,0
334,637dec4b9a303d3dbfada8fb,Classroom Grants - Instructional Materials,623433f654169200207223bc,623431960bd006002044a2d6,2022-11-23 09:47:56,2022-11-23 12:51:14,0
335,637dec4b9a303d3dbfada8fc,Classroom Grants - Manipulatives,623433f654169200207223bc,623431960bd006002044a2d6,2022-11-23 09:47:56,2022-11-23 12:51:14,0
336,637dec4b9a303d3dbfada8fd,Classroom Grants - Teacher Books,623433f654169200207223bc,623431960bd006002044a2d6,2022-11-23 09:47:56,2022-11-23 12:51:14,0
337,637dec4b9a303d3dbfada8fe,COVID-19 Grants - COVID-19 Test Kits,623433f654169200207223bc,623431960bd006002044a2d6,2022-11-23 09:47:56,,0
338,637dec4b9a303d3dbfada8ff,"COVID-19 Grants - PPE (gloves, masks, face shields, gowns or hand sanitizer)",623433f654169200207223bc,623431960bd006002044a2d6,2022-11-23 09:47:56,,0
339,637dec4b9a303d3dbfada900,QRR Grants - Furniture,623433f654169200207223bc,623431960bd006002044a2d6,2022-11-23 09:47:56,,0
340,637dec4b9a303d3dbfada901,QRR Grants - Gross Motor Materials,623433f654169200207223bc,623431960bd006002044a2d6,2022-11-23 09:47:56,,0
341,637dec4b9a303d3dbfada902,QRR Grants - Classroom Materials,623433f654169200207223bc,623431960bd006002044a2d6,2022-11-23 09:47:56,,0
342,637dec4b9a303d3dbfada903,QRR Grants - Classroom Supplies/Consumables,623433f654169200207223bc,623431960bd006002044a2d6,2022-11-23 09:47:56,,0
343,637dec4b9a303d3dbfada904,QRR Grants - Professional Development,623433f654169200207223bc,623431960bd006002044a2d6,2022-11-23 09:47:56,,0
344,637dec4b9a303d3dbfada905,QRR Grants - Language and Literacy Materials,623433f654169200207223bc,623431960bd006002044a2d6,2022-11-23 09:47:56,,0
345,637dec4b9a303d3dbfada906,QRR Grants - Social-Emotional Materials,623433f654169200207223bc,623431960bd006002044a2d6,2022-11-23 09:47:56,,0
346,637dec4b9a303d3dbfada931,Classroom Grants - Children’s Books,633b0c270d7c9b000bc1e516,623431960bd006002044a2d6,2022-11-23 09:47:56,,0
347,637dec4b9a303d3dbfada932,Classroom Grants - Consumables,633b0c270d7c9b000bc1e516,623431960bd006002044a2d6,2022-11-23 09:47:56,,0
348,637dec4b9a303d3dbfada933,Classroom Grants - Instructional Materials,633b0c270d7c9b000bc1e516,623431960bd006002044a2d6,2022-11-23 09:47:56,,0
349,637dec4b9a303d3dbfada934,Classroom Grants - Manipulatives,633b0c270d7c9b000bc1e516,623431960bd006002044a2d6,2022-11-23 09:47:56,,0
350,637dec4b9a303d3dbfada935,Classroom Grants - Teacher Books,633b0c270d7c9b000bc1e516,623431960bd006002044a2d6,2022-11-23 09:47:56,,0
351,637dec4b9a303d3dbfada936,COVID-19 Grants - COVID-19 Test Kits,633b0c270d7c9b000bc1e516,623431960bd006002044a2d6,2022-11-23 09:47:56,,0
352,637dec4b9a303d3dbfada937,"COVID-19 Grants - PPE (gloves, masks, face shields, gowns or hand sanitizer)",633b0c270d7c9b000bc1e516,623431960bd006002044a2d6,2022-11-23 09:47:56,,0
353,637dec4b9a303d3dbfada938,QRR Grants - Furniture,633b0c270d7c9b000bc1e516,623431960bd006002044a2d6,2022-11-23 09:47:56,2022-11-23 12:47:04,0
354,637dec4b9a303d3dbfada939,QRR Grants - Gross Motor Materials,633b0c270d7c9b000bc1e516,623431960bd006002044a2d6,2022-11-23 09:47:56,2022-11-23 12:47:04,0
355,637dec4b9a303d3dbfada93a,QRR Grants - Classroom Materials,633b0c270d7c9b000bc1e516,623431960bd006002044a2d6,2022-11-23 09:47:56,2022-11-23 12:47:04,0
356,637dec4b9a303d3dbfada93b,QRR Grants - Classroom Supplies/Consumables,633b0c270d7c9b000bc1e516,623431960bd006002044a2d6,2022-11-23 09:47:56,2022-11-23 12:47:04,0
357,637dec4b9a303d3dbfada93c,QRR Grants - Professional Development,633b0c270d7c9b000bc1e516,623431960bd006002044a2d6,2022-11-23 09:47:56,2022-11-23 12:47:04,0
358,637dec4b9a303d3dbfada93d,QRR Grants - Language and Literacy Materials,633b0c270d7c9b000bc1e516,623431960bd006002044a2d6,2022-11-23 09:47:56,2022-11-23 12:47:04,0
359,637dec4b9a303d3dbfada93e,QRR Grants - Social-Emotional Materials,633b0c270d7c9b000bc1e516,623431960bd006002044a2d6,2022-11-23 09:47:56,2022-11-23 12:47:04,0
360,637dec4b9a303d3dbfada95b,"1 GOODS only; Supplies to sanitize, disinfect, and clean school facilities",6271af53ccf60100216b752a,62699ff6bd67ff002079028a,2022-11-23 09:47:56,2023-12-07 19:25:57,0
361,637dec4b9a303d3dbfada95c,2 GOODS only; Personal protective equipment (PPE),6271af53ccf60100216b752a,62699ff6bd67ff002079028a,2022-11-23 09:47:56,2023-12-07 19:25:57,0
362,637dec4b9a303d3dbfada95d,3 GOODS only; Portable air purification systems to ensure healthy air,6271af53ccf60100216b752a,62699ff6bd67ff002079028a,2022-11-23 09:47:56,2023-12-07 19:25:57,0
363,637dec4b9a303d3dbfada95e,4 GOODS only; Physical barriers to facilitate social distancing,6271af53ccf60100216b752a,62699ff6bd67ff002079028a,2022-11-23 09:47:56,2023-12-07 19:25:57,0
364,637dec4b9a303d3dbfada95f,"5 GOODS only; Materials, supplies, or equipment to implement public health protocols, including guidelines and recommendations from the CDC",6271af53ccf60100216b752a,62699ff6bd67ff002079028a,2022-11-23 09:47:56,2023-12-07 19:25:57,0
365,637dec4b9a303d3dbfada960,6 GOODS; Expanding capacity to administer coronavirus testing to effectively monitor and suppress coronavirus,6271af53ccf60100216b752a,62699ff6bd67ff002079028a,2022-11-23 09:47:56,2023-12-07 19:25:57,0
366,637dec4b9a303d3dbfada961,"7 GOODS; Educational technology to assist students, educators, and other staff with remote or hybrid learning",6271af53ccf60100216b752a,62699ff6bd67ff002079028a,2022-11-23 09:47:56,2023-12-07 19:25:57,0
367,637dec4b9a303d3dbfada962,8 GOODS; Leasing of sites or spaces to ensure safe social distancing,6271af53ccf60100216b752a,62699ff6bd67ff002079028a,2022-11-23 09:47:56,2023-12-07 19:25:57,0
368,637dec4b9a303d3dbfada963,9 GOODS; Improving ventilation systems,6271af53ccf60100216b752a,62699ff6bd67ff002079028a,2022-11-23 09:47:56,2023-12-07 19:25:57,0
369,637dec4b9a303d3dbfada964,"10 GOODS; Training and professional development for staff on sanitation, the use of PPE and minimizing the spread of infectious diseases",6271af53ccf60100216b752a,62699ff6bd67ff002079028a,2022-11-23 09:47:56,2023-12-07 19:25:57,0
370,637dec4b9a303d3dbfada965,"11 GOODS; Redeveloping instructional plans, including curriculum development for remote or hybrid learning or to address learning loss",6271af53ccf60100216b752a,62699ff6bd67ff002079028a,2022-11-23 09:47:56,2023-12-07 19:25:57,0
371,637dec4b9a303d3dbfada966,12 GOODS; Initiating and maintaining education and support assistance for remote or hybrid learning or to address learning loss,6271af53ccf60100216b752a,62699ff6bd67ff002079028a,2022-11-23 09:47:56,2023-12-07 19:25:57,0
372,637dec4b9a303d3dbfada967,"7 SERVICES; Educational technology to assist students, educators, and other staff with remote or hybrid learning",6271af53ccf60100216b752a,62699ff6bd67ff002079028a,2022-11-23 09:47:56,2023-12-07 19:25:57,0
373,637dec4b9a303d3dbfada968,8 SERVICES; Leasing of sites or spaces to ensure safe social distancing,6271af53ccf60100216b752a,62699ff6bd67ff002079028a,2022-11-23 09:47:56,2023-12-07 19:25:57,0
374,637dec4b9a303d3dbfada969,"10 SERVICES; Training and professional development for staff on sanitation, the use of PPE and minimizing the spread of infectious diseases",6271af53ccf60100216b752a,62699ff6bd67ff002079028a,2022-11-23 09:47:56,2023-12-07 19:25:57,0
375,637dec4b9a303d3dbfada96a,"11 SERVICES; Redeveloping instructional plans, including curriculum development for remote or hybrid learning or to address learning loss",6271af53ccf60100216b752a,62699ff6bd67ff002079028a,2022-11-23 09:47:56,2023-12-07 19:25:57,0
376,637dec4b9a303d3dbfada96b,12 SERVICES; Initiating and maintaining education and support assistance for remote or hybrid learning or to address learning loss,6271af53ccf60100216b752a,62699ff6bd67ff002079028a,2022-11-23 09:47:56,2023-12-07 19:25:57,0
377,637dec4b9a303d3dbfada97d,Services by Provider,62c48554f74385000bfc8a26,62c485548bf1b0000be64cf8,2022-11-23 09:47:56,,0
378,637dec4b9a303d3dbfada97e,Goods/Consumables,62c48554f74385000bfc8a26,62c485548bf1b0000be64cf8,2022-11-23 09:47:56,,0
379,637dec4b9a303d3dbfada981,Tuition & Fees,62cc431ef74385000bfca79b,62cc431e8bf1b0000be7dd2b,2022-11-23 09:47:56,2024-01-16 17:08:19,0
380,637dec4b9a303d3dbfada982,Educational Services,62cc431ef74385000bfca79b,62cc431e8bf1b0000be7dd2b,2022-11-23 09:47:56,2024-01-16 17:08:19,0
381,637dec4b9a303d3dbfada983,Therapy,62cc431ef74385000bfca79b,62cc431e8bf1b0000be7dd2b,2022-11-23 09:47:56,2024-01-16 17:08:19,0
382,637dec4b9a303d3dbfada984,Assessments & Examination,62cc431ef74385000bfca79b,62cc431e8bf1b0000be7dd2b,2022-11-23 09:47:56,2024-01-16 17:08:19,0
383,637dec4b9a303d3dbfada985,Fee-for-service Transportation,62cc431ef74385000bfca79b,62cc431e8bf1b0000be7dd2b,2022-11-23 09:47:56,2024-01-16 17:08:19,0
384,637dec4b9a303d3dbfada986,Fees associated with Paraprofessionals & Educational Aides,62cc431ef74385000bfca79b,62cc431e8bf1b0000be7dd2b,2022-11-23 09:47:56,2024-01-16 17:08:19,0
385,637dec4b9a303d3dbfada987,Tutoring ,62cc431ef74385000bfca79b,62cc431e8bf1b0000be7dd2b,2022-11-23 09:47:56,2024-01-16 17:08:19,0
386,637dec4b9a303d3dbfada988,"Individual Classes, Courses or Extracurricular Activities ",62cc431ef74385000bfca79b,62cc431e8bf1b0000be7dd2b,2022-11-23 09:47:56,2024-01-16 17:08:19,0
387,637dec4b9a303d3dbfada989,Training Program or Camp,62cc431ef74385000bfca79b,62cc431e8bf1b0000be7dd2b,2022-11-23 09:47:56,2024-01-16 17:08:19,0
388,637dec4b9a303d3dbfada9a5,Tuition/Fees at a qualified school,62d6e31df74385000bfcb061,62cc78df7898c9000e649477,2022-11-23 09:47:56,,0
389,637dec4b9a303d3dbfada9a6,Textbooks required by a qualified school,62d6e31df74385000bfcb061,62cc78df7898c9000e649477,2022-11-23 09:47:56,,0
390,637dec4b9a303d3dbfada9a7,Educational therapies or services,62d6e31df74385000bfcb061,62cc78df7898c9000e649477,2022-11-23 09:47:56,,0
391,637dec4b9a303d3dbfada9a8,Tutoring services,62d6e31df74385000bfcb061,62cc78df7898c9000e649477,2022-11-23 09:47:56,,0
392,637dec4b9a303d3dbfada9a9,Curriculum ,62d6e31df74385000bfcb061,62cc78df7898c9000e649477,2022-11-23 09:47:56,,0
393,637dec4b9a303d3dbfada9aa,Tuition/Fees for a private virtual school,62d6e31df74385000bfcb061,62cc78df7898c9000e649477,2022-11-23 09:47:56,,0
394,637dec4b9a303d3dbfada9ab,"Testing/Exam fees  (ex. achievement tests, AP exams, ACT/SAT)",62d6e31df74385000bfcb061,62cc78df7898c9000e649477,2022-11-23 09:47:56,,0
395,637dec4b9a303d3dbfada9ac,Public schools services (ex. individual classes and extracurricular programs) ,62d6e31df74385000bfcb061,62cc78df7898c9000e649477,2022-11-23 09:47:56,,0
396,637dec4b9a303d3dbfada9ad,Computer hardware or technological devices ,62d6e31df74385000bfcb061,62cc78df7898c9000e649477,2022-11-23 09:47:56,,0
397,637dec4b9a303d3dbfada9ae,Specialized summer/after-school education program,62d6e31df74385000bfcb061,62cc78df7898c9000e649477,2022-11-23 09:47:56,,0
398,637dec4b9a303d3dbfada9af,Transportation - mileage to/from a qualified school,62d6e31df74385000bfcb061,62cc78df7898c9000e649477,2022-11-23 09:47:56,,0
399,637dec4b9a303d3dbfada9bb,Tuition/Fees at a qualified school,62d6ef40f74385000bfcb063,62cc79498bf1b0000be7e05d,2022-11-23 09:47:56,,0
400,637dec4b9a303d3dbfada9bc,Textbooks required by a qualified school,62d6ef40f74385000bfcb063,62cc79498bf1b0000be7e05d,2022-11-23 09:47:56,,0
401,637dec4b9a303d3dbfada9bd,Educational therapies or services,62d6ef40f74385000bfcb063,62cc79498bf1b0000be7e05d,2022-11-23 09:47:56,,0
402,637dec4b9a303d3dbfada9be,Tutoring services,62d6ef40f74385000bfcb063,62cc79498bf1b0000be7e05d,2022-11-23 09:47:56,,0
403,637dec4b9a303d3dbfada9bf,Curriculum ,62d6ef40f74385000bfcb063,62cc79498bf1b0000be7e05d,2022-11-23 09:47:56,,0
404,637dec4b9a303d3dbfada9c0,Tuition/Fees for a private virtual school,62d6ef40f74385000bfcb063,62cc79498bf1b0000be7e05d,2022-11-23 09:47:56,,0
405,637dec4b9a303d3dbfada9c1,"Testing/Exam fees  (ex. achievement tests, AP exams, ACT/SAT)",62d6ef40f74385000bfcb063,62cc79498bf1b0000be7e05d,2022-11-23 09:47:56,,0
406,637dec4b9a303d3dbfada9c2,Public schools services (ex. individual classes and extracurricular programs) ,62d6ef40f74385000bfcb063,62cc79498bf1b0000be7e05d,2022-11-23 09:47:56,,0
407,637dec4b9a303d3dbfada9c3,Computer hardware or technological devices ,62d6ef40f74385000bfcb063,62cc79498bf1b0000be7e05d,2022-11-23 09:47:56,,0
408,637dec4b9a303d3dbfada9c4,Specialized summer/after-school education program,62d6ef40f74385000bfcb063,62cc79498bf1b0000be7e05d,2022-11-23 09:47:56,,0
409,637dec4b9a303d3dbfada9c5,Transportation - mileage to/from a qualified school,62d6ef40f74385000bfcb063,62cc79498bf1b0000be7e05d,2022-11-23 09:47:56,,0
410,637dec4b9a303d3dbfada9d1,Tuition/Fees at a qualified school,62e847c8f74385000bfcb1c5,62cc79a67898c9000e649483,2022-11-23 09:47:56,,0
411,637dec4b9a303d3dbfada9d2,Textbooks required by a qualified school,62e847c8f74385000bfcb1c5,62cc79a67898c9000e649483,2022-11-23 09:47:56,,0
412,637dec4b9a303d3dbfada9d3,Educational therapies or services,62e847c8f74385000bfcb1c5,62cc79a67898c9000e649483,2022-11-23 09:47:56,,0
413,637dec4b9a303d3dbfada9d4,Tutoring services,62e847c8f74385000bfcb1c5,62cc79a67898c9000e649483,2022-11-23 09:47:56,,0
414,637dec4b9a303d3dbfada9d5,Curriculum ,62e847c8f74385000bfcb1c5,62cc79a67898c9000e649483,2022-11-23 09:47:56,,0
415,637dec4b9a303d3dbfada9d6,Tuition/Fees for a private virtual school,62e847c8f74385000bfcb1c5,62cc79a67898c9000e649483,2022-11-23 09:47:56,,0
416,637dec4b9a303d3dbfada9d7,"Testing/Exam fees  (ex. achievement tests, AP exams, ACT/SAT)",62e847c8f74385000bfcb1c5,62cc79a67898c9000e649483,2022-11-23 09:47:56,,0
417,637dec4b9a303d3dbfada9d8,Public schools services (ex. individual classes and extracurricular programs) ,62e847c8f74385000bfcb1c5,62cc79a67898c9000e649483,2022-11-23 09:47:56,,0
418,637dec4b9a303d3dbfada9d9,Computer hardware or technological devices ,62e847c8f74385000bfcb1c5,62cc79a67898c9000e649483,2022-11-23 09:47:56,,0
419,637dec4b9a303d3dbfada9da,Specialized summer/after-school education program,62e847c8f74385000bfcb1c5,62cc79a67898c9000e649483,2022-11-23 09:47:56,,0
420,637dec4b9a303d3dbfada9db,Transportation - mileage to/from a qualified school,62e847c8f74385000bfcb1c5,62cc79a67898c9000e649483,2022-11-23 09:47:56,,0
421,637dec4b9a303d3dbfada9e7,Tuition/Fees at a qualified school,62feb58c06b1f9000bbbf90c,62cc7a038bf1b0000be7e069,2022-11-23 09:47:56,,0
422,637dec4b9a303d3dbfada9e8,Textbooks required by a qualified school,62feb58c06b1f9000bbbf90c,62cc7a038bf1b0000be7e069,2022-11-23 09:47:56,,0
423,637dec4b9a303d3dbfada9e9,Educational therapies or services,62feb58c06b1f9000bbbf90c,62cc7a038bf1b0000be7e069,2022-11-23 09:47:56,,0
424,637dec4b9a303d3dbfada9ea,Tutoring services,62feb58c06b1f9000bbbf90c,62cc7a038bf1b0000be7e069,2022-11-23 09:47:56,,0
425,637dec4b9a303d3dbfada9eb,Curriculum ,62feb58c06b1f9000bbbf90c,62cc7a038bf1b0000be7e069,2022-11-23 09:47:56,,0
426,637dec4b9a303d3dbfada9ec,Tuition/Fees for a private virtual school,62feb58c06b1f9000bbbf90c,62cc7a038bf1b0000be7e069,2022-11-23 09:47:56,,0
427,637dec4b9a303d3dbfada9ed,"Testing/Exam fees  (ex. achievement tests, AP exams, ACT/SAT)",62feb58c06b1f9000bbbf90c,62cc7a038bf1b0000be7e069,2022-11-23 09:47:56,,0
428,637dec4b9a303d3dbfada9ee,Public schools services (ex. individual classes and extracurricular programs) ,62feb58c06b1f9000bbbf90c,62cc7a038bf1b0000be7e069,2022-11-23 09:47:56,,0
429,637dec4b9a303d3dbfada9ef,Computer hardware or technological devices ,62feb58c06b1f9000bbbf90c,62cc7a038bf1b0000be7e069,2022-11-23 09:47:56,,0
430,637dec4b9a303d3dbfada9f0,Specialized summer/after-school education program,62feb58c06b1f9000bbbf90c,62cc7a038bf1b0000be7e069,2022-11-23 09:47:56,,0
431,637dec4b9a303d3dbfada9f1,Transportation - mileage to/from a qualified school,62feb58c06b1f9000bbbf90c,62cc7a038bf1b0000be7e069,2022-11-23 09:47:56,,0
432,637dec4b9a303d3dbfada9fd,Tuition/Fees at a qualified school,62cc7b80de6eb2000e4b2697,62cc7b807898c9000e649499,2022-11-23 09:47:56,,0
433,637dec4b9a303d3dbfada9fe,Textbooks required by a qualified school,62cc7b80de6eb2000e4b2697,62cc7b807898c9000e649499,2022-11-23 09:47:56,,0
434,637dec4b9a303d3dbfada9ff,Educational therapies or services,62cc7b80de6eb2000e4b2697,62cc7b807898c9000e649499,2022-11-23 09:47:56,,0
435,637dec4b9a303d3dbfadaa00,Tutoring services,62cc7b80de6eb2000e4b2697,62cc7b807898c9000e649499,2022-11-23 09:47:56,,0
436,637dec4b9a303d3dbfadaa01,Curriculum ,62cc7b80de6eb2000e4b2697,62cc7b807898c9000e649499,2022-11-23 09:47:56,,0
437,637dec4b9a303d3dbfadaa02,Tuition/Fees for a private virtual school,62cc7b80de6eb2000e4b2697,62cc7b807898c9000e649499,2022-11-23 09:47:56,,0
438,637dec4b9a303d3dbfadaa03,"Testing/Exam fees  (ex. achievement tests, AP exams, ACT/SAT)",62cc7b80de6eb2000e4b2697,62cc7b807898c9000e649499,2022-11-23 09:47:56,,0
439,637dec4b9a303d3dbfadaa04,Public schools services (ex. individual classes and extracurricular programs) ,62cc7b80de6eb2000e4b2697,62cc7b807898c9000e649499,2022-11-23 09:47:56,,0
440,637dec4b9a303d3dbfadaa05,Computer hardware or technological devices ,62cc7b80de6eb2000e4b2697,62cc7b807898c9000e649499,2022-11-23 09:47:56,,0
441,637dec4b9a303d3dbfadaa06,Specialized summer/after-school education program,62cc7b80de6eb2000e4b2697,62cc7b807898c9000e649499,2022-11-23 09:47:56,,0
442,637dec4b9a303d3dbfadaa07,Transportation - mileage to/from a qualified school,62cc7b80de6eb2000e4b2697,62cc7b807898c9000e649499,2022-11-23 09:47:56,,0
443,637dec4b9a303d3dbfadaa13,Tuition/Fees at a qualified school,62d6ee38de6eb2000e4b3e50,62cc7be38bf1b0000be7e07c,2022-11-23 09:47:56,,0
444,637dec4b9a303d3dbfadaa14,Textbooks required by a qualified school,62d6ee38de6eb2000e4b3e50,62cc7be38bf1b0000be7e07c,2022-11-23 09:47:56,,0
445,637dec4b9a303d3dbfadaa15,Educational therapies or services,62d6ee38de6eb2000e4b3e50,62cc7be38bf1b0000be7e07c,2022-11-23 09:47:56,,0
446,637dec4b9a303d3dbfadaa16,Tutoring services,62d6ee38de6eb2000e4b3e50,62cc7be38bf1b0000be7e07c,2022-11-23 09:47:56,,0
447,637dec4b9a303d3dbfadaa17,Curriculum ,62d6ee38de6eb2000e4b3e50,62cc7be38bf1b0000be7e07c,2022-11-23 09:47:56,,0
448,637dec4b9a303d3dbfadaa18,Tuition/Fees for a private virtual school,62d6ee38de6eb2000e4b3e50,62cc7be38bf1b0000be7e07c,2022-11-23 09:47:56,,0
449,637dec4b9a303d3dbfadaa19,"Testing/Exam fees  (ex. achievement tests, AP exams, ACT/SAT)",62d6ee38de6eb2000e4b3e50,62cc7be38bf1b0000be7e07c,2022-11-23 09:47:56,,0
450,637dec4b9a303d3dbfadaa1a,Public schools services (ex. individual classes and extracurricular programs) ,62d6ee38de6eb2000e4b3e50,62cc7be38bf1b0000be7e07c,2022-11-23 09:47:56,,0
451,637dec4b9a303d3dbfadaa1b,Computer hardware or technological devices ,62d6ee38de6eb2000e4b3e50,62cc7be38bf1b0000be7e07c,2022-11-23 09:47:56,,0
452,637dec4b9a303d3dbfadaa1c,Specialized summer/after-school education program,62d6ee38de6eb2000e4b3e50,62cc7be38bf1b0000be7e07c,2022-11-23 09:47:56,,0
453,637dec4b9a303d3dbfadaa1d,Transportation - mileage to/from a qualified school,62d6ee38de6eb2000e4b3e50,62cc7be38bf1b0000be7e07c,2022-11-23 09:47:56,,0
454,637dec4b9a303d3dbfadaa29,"Supplies to sanitize, disinfect, and clean school facilities",62cf0431f74385000bfca8e3,62cf04318bf1b0000be80202,2022-11-23 09:47:56,,0
455,637dec4b9a303d3dbfadaa2a,Personal Protective Equipment (PPE),62cf0431f74385000bfca8e3,62cf04318bf1b0000be80202,2022-11-23 09:47:56,,0
456,637dec4b9a303d3dbfadaa2b,"Improving ventilation systems, including windows repairs or portable air purification systems",62cf0431f74385000bfca8e3,62cf04318bf1b0000be80202,2022-11-23 09:47:56,,0
457,637dec4b9a303d3dbfadaa2c,"Training and professional development for staff on sanitization, the use of PPE, and minimizing the spread of infectious diseases",62cf0431f74385000bfca8e3,62cf04318bf1b0000be80202,2022-11-23 09:47:56,,0
458,637dec4b9a303d3dbfadaa2d,Physical barriers to facilitate social distancing,62cf0431f74385000bfca8e3,62cf04318bf1b0000be80202,2022-11-23 09:47:56,,0
459,637dec4b9a303d3dbfadaa2e,"Other materials, supplies or equipment recommended by the CDC for reopening and operation of school facilities to effectively maintain health and safety",62cf0431f74385000bfca8e3,62cf04318bf1b0000be80202,2022-11-23 09:47:56,,0
460,637dec4b9a303d3dbfadaa2f,Expanding capacity to administer coronavirus testing to effectively monitor and suppress the virus,62cf0431f74385000bfca8e3,62cf04318bf1b0000be80202,2022-11-23 09:47:56,,0
461,637dec4b9a303d3dbfadaa30,Educational technology,62cf0431f74385000bfca8e3,62cf04318bf1b0000be80202,2022-11-23 09:47:56,,0
462,637dec4b9a303d3dbfadaa31,Redeveloping instructional plans for remote or hybrid learning or to address learning loss,62cf0431f74385000bfca8e3,62cf04318bf1b0000be80202,2022-11-23 09:47:56,,0
463,637dec4b9a303d3dbfadaa32,Leasing sites or spaces to ensure social distancing,62cf0431f74385000bfca8e3,62cf04318bf1b0000be80202,2022-11-23 09:47:56,,0
464,637dec4b9a303d3dbfadaa33,Reasonable transportation costs,62cf0431f74385000bfca8e3,62cf04318bf1b0000be80202,2022-11-23 09:47:56,,0
465,637dec4b9a303d3dbfadaa34,Initiating and maintaining education and support services or assistance for remote or hybrid learning or to address learning loss,62cf0431f74385000bfca8e3,62cf04318bf1b0000be80202,2022-11-23 09:47:56,,0
466,637dec4b9a303d3dbfadaa35,Sanitation Supplies ,62e15eecf74385000bfcb09f,62e15eec8bf1b0000be89d0f,2022-11-23 09:47:56,,0
467,637dec4b9a303d3dbfadaa36,Personal Protective Equipment,62e15eecf74385000bfcb09f,62e15eec8bf1b0000be89d0f,2022-11-23 09:47:56,,0
468,637dec4b9a303d3dbfadaa37,Ventilation/Windows/Portable Air Purification Systems,62e15eecf74385000bfcb09f,62e15eec8bf1b0000be89d0f,2022-11-23 09:47:56,,0
469,637dec4b9a303d3dbfadaa38,Training to Minimize Spread,62e15eecf74385000bfcb09f,62e15eec8bf1b0000be89d0f,2022-11-23 09:47:56,,0
470,637dec4b9a303d3dbfadaa39,Physical Barriers,62e15eecf74385000bfcb09f,62e15eec8bf1b0000be89d0f,2022-11-23 09:47:56,,0
471,637dec4b9a303d3dbfadaa3a,CDC Recommendations,62e15eecf74385000bfcb09f,62e15eec8bf1b0000be89d0f,2022-11-23 09:47:56,,0
472,637dec4b9a303d3dbfadaa3b,Expanding capacity to conduct contract tracing,62e15eecf74385000bfcb09f,62e15eec8bf1b0000be89d0f,2022-11-23 09:47:56,,0
473,637dec4b9a303d3dbfadaa3c,Educational Technology,62e15eecf74385000bfcb09f,62e15eec8bf1b0000be89d0f,2022-11-23 09:47:56,,0
474,637dec4b9a303d3dbfadaa3d,Redeveloping Instruction,62e15eecf74385000bfcb09f,62e15eec8bf1b0000be89d0f,2022-11-23 09:47:56,,0
475,637dec4b9a303d3dbfadaa3e,Leasing Sites,62e15eecf74385000bfcb09f,62e15eec8bf1b0000be89d0f,2022-11-23 09:47:56,,0
476,637dec4b9a303d3dbfadaa3f,Reasonable Transportation Costs,62e15eecf74385000bfcb09f,62e15eec8bf1b0000be89d0f,2022-11-23 09:47:56,,0
477,637dec4b9a303d3dbfadaa40,Support for Learning Loss,62e15eecf74385000bfcb09f,62e15eec8bf1b0000be89d0f,2022-11-23 09:47:56,,0
478,637dec4b9a303d3dbfadaa41,Sanitation Supplies ,630fd5184108ed000febe82c,630fd518331617000fa0f2a2,2022-11-23 09:47:56,2023-04-21 16:27:33,0
479,637dec4b9a303d3dbfadaa42,Personal Protective Equipment,630fd5184108ed000febe82c,630fd518331617000fa0f2a2,2022-11-23 09:47:56,2023-04-21 16:27:33,0
480,637dec4b9a303d3dbfadaa43,Ventilation/Windows/Portable Air Purification Systems,630fd5184108ed000febe82c,630fd518331617000fa0f2a2,2022-11-23 09:47:56,2023-04-21 16:27:33,0
481,637dec4b9a303d3dbfadaa44,Physical Barriers,630fd5184108ed000febe82c,630fd518331617000fa0f2a2,2022-11-23 09:47:56,2023-04-21 16:27:33,0
482,637dec4b9a303d3dbfadaa45,CDC Recommendations,630fd5184108ed000febe82c,630fd518331617000fa0f2a2,2022-11-23 09:47:56,2023-04-21 16:27:33,0
483,637dec4b9a303d3dbfadaa46,COVID-19 Testing,630fd5184108ed000febe82c,630fd518331617000fa0f2a2,2022-11-23 09:47:56,2023-04-21 16:27:33,0
484,637dec4b9a303d3dbfadaa47,Educational Technology,630fd5184108ed000febe82c,630fd518331617000fa0f2a2,2022-11-23 09:47:56,2023-04-21 16:27:33,0
485,637dec4b9a303d3dbfadaa48,Leasing Sites [contract and building permit required],630fd5184108ed000febe82c,630fd518331617000fa0f2a2,2022-11-23 09:47:56,2023-04-21 16:27:33,0
486,637dec4b9a303d3dbfadaa49,Reasonable Transportation Costs,630fd5184108ed000febe82c,630fd518331617000fa0f2a2,2022-11-23 09:47:56,2023-04-21 16:27:33,0
487,637dec4b9a303d3dbfadaa4a,"Support for Learning Loss [Direct Pay only, reimbursements not allowed]",630fd5184108ed000febe82c,630fd518331617000fa0f2a2,2022-11-23 09:47:56,2023-04-21 16:27:33,0
488,637dec4b9a303d3dbfadaa4b,"Training to Minimize Spread [Direct Pay only, reimbursements not allowed]",630fd5184108ed000febe82c,630fd518331617000fa0f2a2,2022-11-23 09:47:56,2023-04-21 16:27:33,0
489,637dec4b9a303d3dbfadaa4c,"Redeveloping Instruction [Direct Pay only, reimbursements not allowed]",630fd5184108ed000febe82c,630fd518331617000fa0f2a2,2022-11-23 09:47:56,2023-04-21 16:27:33,0
490,637dec4b9a303d3dbfadaa71,foundation_admin,6319fcab180af7000b302f1c,6319fc854e6818000bb998da,2022-11-23 09:47:56,,0
491,637dec4b9a303d3dbfadaa74,School Expenses,632892f456440d000c6e031d,632892f4a6e468000ccf0941,2022-11-23 09:47:56,2024-01-18 15:22:41,0
492,637dec4b9a303d3dbfadaa75,Tuition,632892f456440d000c6e031d,632892f4a6e468000ccf0941,2022-11-23 09:47:56,2024-01-18 15:22:41,0
493,637dec4b9a303d3dbfadaa76,Educational Materials,632892f456440d000c6e031d,632892f4a6e468000ccf0941,2022-11-23 09:47:56,2024-01-18 15:22:41,0
494,637dec4b9a303d3dbfadaa77,Technology,632892f456440d000c6e031d,632892f4a6e468000ccf0941,2022-11-23 09:47:56,2024-01-18 15:22:41,0
495,637dec4b9a303d3dbfadaa78,"a. Supplies to sanitize, disinfect, and clean school facilities",632e216c0d7c9b000bc1af88,632e216cfb0681000bb05c4e,2022-11-23 09:47:56,,0
496,637dec4b9a303d3dbfadaa79,b. Personal protective equipment (PPE),632e216c0d7c9b000bc1af88,632e216cfb0681000bb05c4e,2022-11-23 09:47:56,,0
497,637dec4b9a303d3dbfadaa7a,"c. Improving ventilation systems, including windows or portable air purification systems",632e216c0d7c9b000bc1af88,632e216cfb0681000bb05c4e,2022-11-23 09:47:56,,0
498,637dec4b9a303d3dbfadaa7b,"d. Training and professional development for staff on sanitization, the use of PPE, and minimizing the spread of infectious diseases",632e216c0d7c9b000bc1af88,632e216cfb0681000bb05c4e,2022-11-23 09:47:56,,0
499,637dec4b9a303d3dbfadaa7c,e. Physical barriers to facilitate social distancing,632e216c0d7c9b000bc1af88,632e216cfb0681000bb05c4e,2022-11-23 09:47:56,,0
500,637dec4b9a303d3dbfadaa7d,"f. Other materials, supplies, or equipment recommended by the CDC for reopening and operation of school facilities to effectively maintain health and safety",632e216c0d7c9b000bc1af88,632e216cfb0681000bb05c4e,2022-11-23 09:47:56,,0
501,637dec4b9a303d3dbfadaa7e,g. Expanding capacity to administer coronavirus testing to effectively monitor and suppress the virus,632e216c0d7c9b000bc1af88,632e216cfb0681000bb05c4e,2022-11-23 09:47:56,,0
502,637dec4b9a303d3dbfadaa7f,"h. Educational technology (including hardware, software, connectivity, assistive technology, and adaptive equipment) to assist students, educators, and other staff with remote or hybrid learning",632e216c0d7c9b000bc1af88,632e216cfb0681000bb05c4e,2022-11-23 09:47:56,,0
503,637dec4b9a303d3dbfadaa80,"i. Redeveloping instructional plans, including curriculum development, for remote or hybrid learning, or to address learning loss",632e216c0d7c9b000bc1af88,632e216cfb0681000bb05c4e,2022-11-23 09:47:56,,0
504,637dec4b9a303d3dbfadaa81,j. Leasing sites or spaces to ensure safe social distancing,632e216c0d7c9b000bc1af88,632e216cfb0681000bb05c4e,2022-11-23 09:47:56,,0
505,637dec4b9a303d3dbfadaa82,k. Reasonable transportation costs,632e216c0d7c9b000bc1af88,632e216cfb0681000bb05c4e,2022-11-23 09:47:56,,0
506,637dec4b9a303d3dbfadaa83,l. Initiating and maintaining education and support services or assistance for remote or hybrid learning or to address learning loss eans3SupportServices,632e216c0d7c9b000bc1af88,632e216cfb0681000bb05c4e,2022-11-23 09:47:56,,0
507,637dfc11b268d9000bd37f94,C0,5efc363340d2c5316a03928d,5efc3218304e142aa9495894,2022-11-23 10:55:13,2023-01-03 14:30:11,0
508,637dfc11b268d9000bd37f95,C1,5efc363340d2c5316a03928d,5efc3218304e142aa9495894,2022-11-23 10:55:13,2023-01-03 14:30:11,0
509,637dfc11b268d9000bd37f96,C2,5efc363340d2c5316a03928d,5efc3218304e142aa9495894,2022-11-23 10:55:13,2023-01-03 14:30:11,0
510,63847e23623292000b30c0d5,2811-1,5efc363440d2c5316a03928e,5efc3218304e142aa9495894,2022-11-28 09:23:47,2025-01-30 09:23:37,0
511,63847e23623292000b30c0d6,2811-2,5efc363440d2c5316a03928e,5efc3218304e142aa9495894,2022-11-28 09:23:47,2025-01-30 09:23:37,0
512,63847e23623292000b30c0d7,2811-3,5efc363440d2c5316a03928e,5efc3218304e142aa9495894,2022-11-28 09:23:47,2025-01-30 09:23:10,0
513,638715bd3ef471000b533d66,C222,5efc363340d2c5316a03928d,5efc3218304e142aa9495894,2022-11-30 08:35:10,2023-01-03 14:30:11,0
514,638de51f2c87f9000b2e880d,PBIS,5acbc4ae85018198ee97a2a5,5acbbe4385018198ee976da1,2022-12-05 12:33:36,2023-09-29 16:59:21,0
515,63a1ef73ef4488000b0bf429,Mental health services,6206b237eebdf70020fdc163,6206b20f814aea0020681a81,2022-12-20 17:23:00,2022-12-21 19:22:44,0
516,63a1ef950d8049000add3250,Professional development,6206b237eebdf70020fdc163,6206b20f814aea0020681a81,2022-12-20 17:23:34,2022-12-21 19:22:44,0
517,63a1ef950d8049000add3251,Research test/assessment data,6206b237eebdf70020fdc163,6206b20f814aea0020681a81,2022-12-20 17:23:34,2022-12-21 19:22:44,0
518,63a1ef950d8049000add3252,Counseling for K-6 grades,6206b237eebdf70020fdc163,6206b20f814aea0020681a81,2022-12-20 17:23:34,2022-12-21 19:22:44,0
519,63a1ef950d8049000add3253,Research test/assement datra,6206b237eebdf70020fdc163,6206b20f814aea0020681a81,2022-12-20 17:23:34,,0
520,63a1ef950d8049000add3254,Education/support services,6206b237eebdf70020fdc163,6206b20f814aea0020681a81,2022-12-20 17:23:34,,0
521,63a1ef950d8049000add3255,Education/Support Services,6206b237eebdf70020fdc163,6206b20f814aea0020681a81,2022-12-20 17:23:34,2022-12-21 19:22:44,0
522,63a1f078ef4488000b0bfd38,Partnership with colleges,6206b237eebdf70020fdc163,6206b20f814aea0020681a81,2022-12-20 17:27:21,2022-12-21 19:22:44,0
523,63a2c329d8f047000cea13a9,Test Category,5efc363340d2c5316a03928d,5efc3218304e142aa9495894,2022-12-21 08:26:17,2023-01-03 14:30:11,0
524,63a35d034539a5000b9fc6da,Initiating/maintaining education and support services/assistance to address learning recovery,6206b237eebdf70020fdc163,6206b20f814aea0020681a81,2022-12-21 19:22:44,,0
525,63aaaf12cde0a1000bd0d72b,Test 122722,5efc363440d2c5316a03928e,5efc3218304e142aa9495894,2022-12-27 08:38:43,2023-02-26 09:57:10,0
526,63b43bf381b213000b2a45ce,Test 11,5efc363340d2c5316a03928d,5efc3218304e142aa9495894,2023-01-03 14:30:11,,0
527,63b73b3918e925000b00d8b9,All Vendors,5d4ba405635869762f3c7528,5cfaaaf34e3e00c648755d76,2023-01-05 21:03:54,,0
528,63d14e3b3570a5000bbba2fa,ESSER,5fbb56d4f05c50505f4db1af,5f9844095eeffb002374fff9,2023-01-25 15:43:56,,0
529,63d3e61c21a4ec000b577b07,Indoor Furniture,63d3e394a607c0000a4fd401,623431960bd006002044a2d6,2023-01-27 14:56:28,2023-01-27 14:56:54,0
530,63d3e62421a4ec000b577b76,Outdoor Equipment,63d3e394a607c0000a4fd401,623431960bd006002044a2d6,2023-01-27 14:56:37,2023-01-27 14:56:54,0
531,63d3e629f2114e000bbd7f59,Craft/Art Supplies,63d3e394a607c0000a4fd401,623431960bd006002044a2d6,2023-01-27 14:56:41,2023-01-27 14:56:54,0
532,63d3e6353570a5000bd0ba21,Storage Unit,63d3e394a607c0000a4fd401,623431960bd006002044a2d6,2023-01-27 14:56:54,,0
533,63d3e6353570a5000bd0ba22,Games,63d3e394a607c0000a4fd401,623431960bd006002044a2d6,2023-01-27 14:56:54,,0
534,63d437a021a4ec000b5c3b4a,Indoor Furniture,55e4dfa966304b4d06b2bff1,579000a580be4c0b8bb744ba,2023-01-27 20:44:17,2025-05-20 09:13:43,0
535,63d437a021a4ec000b5c3b4b,Outdoor Equipment,55e4dfa966304b4d06b2bff1,579000a580be4c0b8bb744ba,2023-01-27 20:44:17,2025-05-20 09:13:43,0
536,63d437a021a4ec000b5c3b4c,Craft/Art Supplies,55e4dfa966304b4d06b2bff1,579000a580be4c0b8bb744ba,2023-01-27 20:44:17,2025-05-20 09:13:43,0
537,63d437a021a4ec000b5c3b4d,Storage Unit,55e4dfa966304b4d06b2bff1,579000a580be4c0b8bb744ba,2023-01-27 20:44:17,2025-05-20 09:13:43,0
538,63d437a021a4ec000b5c3b4e,Games,55e4dfa966304b4d06b2bff1,579000a580be4c0b8bb744ba,2023-01-27 20:44:17,2025-05-20 09:13:43,0
539,63d9474a3b67de000caa2bee,Student APC Funds,62cc431ef74385000bfca79b,62cc431e8bf1b0000be7dd2b,2023-01-31 16:52:26,2024-01-16 17:08:19,0
540,63dd2c370038bb000c46267b,Academic Intervention,630fd5184108ed000febe82c,630fd518331617000fa0f2a2,2023-02-03 15:46:00,2023-04-21 16:27:33,0
541,63dd2c370038bb000c46267c,Accelerated Learning,630fd5184108ed000febe82c,630fd518331617000fa0f2a2,2023-02-03 15:46:00,2023-04-21 16:27:33,0
542,63dd2c370038bb000c46267d,Behavior Intervention,630fd5184108ed000febe82c,630fd518331617000fa0f2a2,2023-02-03 15:46:00,2023-04-21 16:27:33,0
543,63dd2c370038bb000c46267e,College and Career Guidance,630fd5184108ed000febe82c,630fd518331617000fa0f2a2,2023-02-03 15:46:00,2023-04-21 16:27:33,0
544,63dd2c370038bb000c46267f,"Drug, Violence, Suicide  Prevention",630fd5184108ed000febe82c,630fd518331617000fa0f2a2,2023-02-03 15:46:00,2023-04-21 16:27:33,0
545,63dd2c370038bb000c462680,Educational Technology/Digital Literacy,630fd5184108ed000febe82c,630fd518331617000fa0f2a2,2023-02-03 15:46:00,2023-04-21 16:27:33,0
546,63dd2c370038bb000c462681,English Language Arts,630fd5184108ed000febe82c,630fd518331617000fa0f2a2,2023-02-03 15:46:00,2023-04-21 16:27:33,0
547,63dd2c370038bb000c462682,Fine Arts,630fd5184108ed000febe82c,630fd518331617000fa0f2a2,2023-02-03 15:46:00,2023-04-21 16:27:33,0
548,63dd2c370038bb000c462683,Foreign Languages,630fd5184108ed000febe82c,630fd518331617000fa0f2a2,2023-02-03 15:46:00,2023-04-21 16:27:33,0
549,63dd2c370038bb000c462684,Health and Safety,630fd5184108ed000febe82c,630fd518331617000fa0f2a2,2023-02-03 15:46:00,2023-04-21 16:27:33,0
550,63dd2c370038bb000c462685,Instructional Materials ,630fd5184108ed000febe82c,630fd518331617000fa0f2a2,2023-02-03 15:46:00,2023-04-21 16:27:33,0
551,63dd2c370038bb000c462686,Mathematics,630fd5184108ed000febe82c,630fd518331617000fa0f2a2,2023-02-03 15:46:00,2023-04-21 16:27:33,0
552,63dd2c370038bb000c462687,Mental Health,630fd5184108ed000febe82c,630fd518331617000fa0f2a2,2023-02-03 15:46:00,2023-04-21 16:27:33,0
553,63dd2c370038bb000c462688,Mentoring or Counseling,630fd5184108ed000febe82c,630fd518331617000fa0f2a2,2023-02-03 15:46:00,2023-04-21 16:27:33,0
554,63dd2c370038bb000c462689,Parent and Family Engagement,630fd5184108ed000febe82c,630fd518331617000fa0f2a2,2023-02-03 15:46:00,2023-04-21 16:27:33,0
555,63dd2c370038bb000c46268a,Professional Development ,630fd5184108ed000febe82c,630fd518331617000fa0f2a2,2023-02-03 15:46:00,2023-04-21 16:27:33,0
556,63dd2c370038bb000c46268b,School Readiness,630fd5184108ed000febe82c,630fd518331617000fa0f2a2,2023-02-03 15:46:00,2023-04-21 16:27:33,0
557,63dd2c370038bb000c46268c,Science,630fd5184108ed000febe82c,630fd518331617000fa0f2a2,2023-02-03 15:46:00,2023-04-21 16:27:33,0
558,63dd2c370038bb000c46268d,Social Studies,630fd5184108ed000febe82c,630fd518331617000fa0f2a2,2023-02-03 15:46:00,2023-04-21 16:27:33,0
559,63dd2c370038bb000c46268e,STEM ,630fd5184108ed000febe82c,630fd518331617000fa0f2a2,2023-02-03 15:46:00,2023-04-21 16:27:33,0
560,63fb2cf627708c000b762766,Category 2601 number ONE,5efc363440d2c5316a03928e,5efc3218304e142aa9495894,2023-02-26 09:57:10,2025-01-30 09:23:37,0
561,63fb2cf627708c000b762767,Category 2601 number TWO,5efc363440d2c5316a03928e,5efc3218304e142aa9495894,2023-02-26 09:57:10,2025-01-30 09:23:37,0
562,63fb2cf627708c000b762768,Category 2601 number THREE,5efc363440d2c5316a03928e,5efc3218304e142aa9495894,2023-02-26 09:57:10,2025-01-30 09:23:37,0
563,63fb389d27708c000b767d38,test new,55e4dfa966304b4d06b2bff1,579000a580be4c0b8bb744ba,2023-02-26 10:46:54,2025-05-20 09:13:43,0
564,640763d4b732a1000bdd417e,Playgrounds,63d410b91c76ea000c001f53,623431960bd006002044a2d6,2023-03-07 16:18:28,2023-03-07 16:19:51,0
565,640763d8c5d2a9000b7193ae,Physical Plant/Safety,63d410b91c76ea000c001f53,623431960bd006002044a2d6,2023-03-07 16:18:33,2023-03-07 16:19:51,0
566,640763edc5d2a9000b71948a,Diapering,63d410b91c76ea000c001f53,623431960bd006002044a2d6,2023-03-07 16:18:53,2023-03-07 16:19:51,0
567,640763efb732a1000bdd4211,Sleeping & Resting,63d410b91c76ea000c001f53,623431960bd006002044a2d6,2023-03-07 16:18:56,2023-03-07 16:19:51,0
568,640763f4c5d2a9000b7194b3,Transportation,63d410b91c76ea000c001f53,623431960bd006002044a2d6,2023-03-07 16:19:01,2023-03-07 16:19:51,0
569,640763f9b732a1000bdd430c,Other,63d410b91c76ea000c001f53,623431960bd006002044a2d6,2023-03-07 16:19:06,2023-03-07 16:19:51,0
570,6413480fe8ee0d000c4ceb43,Tuition,55e4dfa966304b4d06b2bff1,579000a580be4c0b8bb744ba,2023-03-16 16:47:11,2025-05-20 09:13:43,1
571,6414a6fdb4eb8d000bd24d3f,Assistive Technology (Qualified Student with Disability Only),5dcb0edef20691a648100b8b,5d54499159b33712177e253b,2023-03-17 17:44:29,2024-07-05 14:27:05,0
572,6414a6fdb4eb8d000bd24d40,Associated Good (Qualified Student with Disability Only),5dcb0edef20691a648100b8b,5d54499159b33712177e253b,2023-03-17 17:44:29,2024-07-05 14:27:05,0
573,6414a6fdb4eb8d000bd24d41,Computer hardware and technological devices,5dcb0edef20691a648100b8b,5d54499159b33712177e253b,2023-03-17 17:44:29,2024-07-05 14:27:05,0
574,6414a6fdb4eb8d000bd24d42,Curriculum,5dcb0edef20691a648100b8b,5d54499159b33712177e253b,2023-03-17 17:44:29,2024-07-05 14:27:05,0
575,6414a6fdb4eb8d000bd24d43,Educational Therapies and Services (Qualified Student with Disability Only),5dcb0edef20691a648100b8b,5d54499159b33712177e253b,2023-03-17 17:44:29,2024-07-05 14:27:05,0
576,6414a6fdb4eb8d000bd24d44,Educational/Psychological Evaluations (Qualified Student with Disability Only),5dcb0edef20691a648100b8b,5d54499159b33712177e253b,2023-03-17 17:44:29,2024-07-05 14:27:05,0
577,6414a6fdb4eb8d000bd24d45,Fees for nationally standardized tests or college admission,5dcb0edef20691a648100b8b,5d54499159b33712177e253b,2023-03-17 17:44:29,2024-07-05 14:27:05,0
578,6414a6fdb4eb8d000bd24d46,Fees to manage the Arizona empowerment scholarship account,5dcb0edef20691a648100b8b,5d54499159b33712177e253b,2023-03-17 17:44:29,2024-07-05 14:27:05,0
579,6414a6fdb4eb8d000bd24d47,Insurance or surety bond payments,5dcb0edef20691a648100b8b,5d54499159b33712177e253b,2023-03-17 17:44:29,2024-07-05 14:27:05,0
580,6414a6fdb4eb8d000bd24d48,Life Skills/Vocational (Qualified Student with Disability Only),5dcb0edef20691a648100b8b,5d54499159b33712177e253b,2023-03-17 17:44:29,2024-07-05 14:27:05,0
581,6414a6fdb4eb8d000bd24d49,Paraprofessional (Qualified Student with Disability Only),5dcb0edef20691a648100b8b,5d54499159b33712177e253b,2023-03-17 17:44:29,2024-07-05 14:27:05,0
582,6414a6fdb4eb8d000bd24d4a,Public transportation services to a qualified school,5dcb0edef20691a648100b8b,5d54499159b33712177e253b,2023-03-17 17:44:29,2024-07-05 14:27:05,0
583,6414a6fdb4eb8d000bd24d4b,"Services, classes and extracurricular programs provided by a public school",5dcb0edef20691a648100b8b,5d54499159b33712177e253b,2023-03-17 17:44:29,2024-07-05 14:27:05,0
584,6414a6fdb4eb8d000bd24d4c,Supplemental Materials (documentation needed),5dcb0edef20691a648100b8b,5d54499159b33712177e253b,2023-03-17 17:44:29,2024-07-05 14:27:05,0
585,6414a6fdb4eb8d000bd24d4d,Supplemental Materials (no documentation needed),5dcb0edef20691a648100b8b,5d54499159b33712177e253b,2023-03-17 17:44:29,2024-07-05 14:27:05,0
586,6414a6fdb4eb8d000bd24d4e,Tuition or fees online learning program (non-public),5dcb0edef20691a648100b8b,5d54499159b33712177e253b,2023-03-17 17:44:29,2024-07-05 14:27:05,0
587,6414a6fdb4eb8d000bd24d4f,"Tuition, textbooks or fees at a qualified school",5dcb0edef20691a648100b8b,5d54499159b33712177e253b,2023-03-17 17:44:29,2024-07-05 14:27:05,0
588,6414a6fdb4eb8d000bd24d50,"Tuition, textbooks or fees at an eligible postsecondary institution",5dcb0edef20691a648100b8b,5d54499159b33712177e253b,2023-03-17 17:44:29,2024-07-05 14:27:05,0
589,6414a6fdb4eb8d000bd24d51,Tutoring and teaching Services – Accredited Facility/Business,5dcb0edef20691a648100b8b,5d54499159b33712177e253b,2023-03-17 17:44:29,2024-07-05 14:27:05,0
590,6414a6fdb4eb8d000bd24d52,Tutoring and teaching Services – Accredited Individual,5dcb0edef20691a648100b8b,5d54499159b33712177e253b,2023-03-17 17:44:29,2024-07-05 14:27:05,0
591,6414a6fdb4eb8d000bd24d53,Uniforms purchased from or through a qualified school,5dcb0edef20691a648100b8b,5d54499159b33712177e253b,2023-03-17 17:44:29,2024-07-05 14:27:05,0
592,64187a59b4eb8d000bdfbf08,NHS TEAMS,582df030ba8113d1dddf329b,582deebbba8113d1dddf329a,2023-03-20 15:23:06,,0
593,642c59d19ebecc000b0cfa2d,Summer Salaries,642c52bb55a396000a8d4c0e,642c50880c01ec000bd5f5f4,2023-04-04 17:09:38,2023-04-04 17:10:19,0
594,642c59fb48e6e9000bc61b84,Summer Benefits,642c52bb55a396000a8d4c0e,642c50880c01ec000bd5f5f4,2023-04-04 17:10:19,,0
595,642c59fb48e6e9000bc61b85,Summer Supplies,642c52bb55a396000a8d4c0e,642c50880c01ec000bd5f5f4,2023-04-04 17:10:19,,0
596,642c59fb48e6e9000bc61b86,Summer Purchase Services,642c52bb55a396000a8d4c0e,642c50880c01ec000bd5f5f4,2023-04-04 17:10:19,,0
597,642c59fb48e6e9000bc61b87,Afterschool Salaries,642c52bb55a396000a8d4c0e,642c50880c01ec000bd5f5f4,2023-04-04 17:10:19,,0
598,642c59fb48e6e9000bc61b88,Afterschool Benefits,642c52bb55a396000a8d4c0e,642c50880c01ec000bd5f5f4,2023-04-04 17:10:19,,0
599,642c59fb48e6e9000bc61b89,Afterschool Supplies,642c52bb55a396000a8d4c0e,642c50880c01ec000bd5f5f4,2023-04-04 17:10:19,,0
600,642c59fb48e6e9000bc61b8a,Afterschool Purchase Services,642c52bb55a396000a8d4c0e,642c50880c01ec000bd5f5f4,2023-04-04 17:10:19,,0
601,6442b97486ebf30011498d78,"Supplies to sanitize, disinfect, and clean school facilities (does not include staff training on sanitation)",630fd5184108ed000febe82c,630fd518331617000fa0f2a2,2023-04-21 16:27:33,,0
602,6442b97486ebf30011498d79,Personal Protective Equipment (PPE; does not include staff training on use of PPE),630fd5184108ed000febe82c,630fd518331617000fa0f2a2,2023-04-21 16:27:33,,0
603,6442b97486ebf30011498d7a,"Improving ventilation systems, including windows or portable air purification systems",630fd5184108ed000febe82c,630fd518331617000fa0f2a2,2023-04-21 16:27:33,,0
604,6442b97486ebf30011498d7b,"Training and professional development for staff on sanitization, the use of PPE, and minimizing the spread of infectious diseases",630fd5184108ed000febe82c,630fd518331617000fa0f2a2,2023-04-21 16:27:33,,0
605,6442b97486ebf30011498d7c,Physical barriers to facilitate social distancing,630fd5184108ed000febe82c,630fd518331617000fa0f2a2,2023-04-21 16:27:33,,0
606,6442b97486ebf30011498d7d,"Other materials, supplies or equipment recommended by the CDC for reopening and operation of school facilities to effectively maintain health and safety",630fd5184108ed000febe82c,630fd518331617000fa0f2a2,2023-04-21 16:27:33,,0
607,6442b97486ebf30011498d7e,Expanding capacity to administer coronavirus testing to effectively monitor and suppress the virus,630fd5184108ed000febe82c,630fd518331617000fa0f2a2,2023-04-21 16:27:33,,0
608,6442b97486ebf30011498d7f,Educational technology ,630fd5184108ed000febe82c,630fd518331617000fa0f2a2,2023-04-21 16:27:33,,0
609,6442b97486ebf30011498d80,Redeveloping instructional plans for remote or hybrid learning or to address learning loss,630fd5184108ed000febe82c,630fd518331617000fa0f2a2,2023-04-21 16:27:33,,0
610,6442b97486ebf30011498d81,Leasing sites or spaces to ensure social distancing,630fd5184108ed000febe82c,630fd518331617000fa0f2a2,2023-04-21 16:27:33,,0
611,6442b97486ebf30011498d82,School safety activities that need to be implemented for students to feel safe and comfortable being on campus so that they may improve student performance and close learning gaps created by the pande,630fd5184108ed000febe82c,630fd518331617000fa0f2a2,2023-04-21 16:27:33,,0
612,6442b97486ebf30011498d83,Initiating and maintaining education and support services or assistance for remote or hybrid learning or to address learning loss,630fd5184108ed000febe82c,630fd518331617000fa0f2a2,2023-04-21 16:27:33,,0
613,64497d74af99a900116a0598,Assistive Technology,642df132df4a34000b974271,642df132df4a34000b97426c,2023-04-26 19:37:24,2023-05-08 17:58:26,0
614,64497d8faf99a900116a064c,Specialized educational therapy services and supports,642df132df4a34000b974271,642df132df4a34000b97426c,2023-04-26 19:37:51,2023-05-08 17:58:26,0
615,64497d8faf99a900116a064d,Tutoring,642df132df4a34000b974271,642df132df4a34000b97426c,2023-04-26 19:37:51,2023-05-08 17:58:26,0
616,64497e8747d68b0012921ffa,Educational Technology,55e4dfa966304b4d06b2bff1,579000a580be4c0b8bb744ba,2023-04-26 19:41:59,2025-05-20 09:13:43,0
617,64497e8747d68b0012921ffb,Assistive educational therapy services and supports,55e4dfa966304b4d06b2bff1,579000a580be4c0b8bb744ba,2023-04-26 19:41:59,2025-05-20 09:13:43,0
618,64497e8747d68b0012921ffc,Tutoring,55e4dfa966304b4d06b2bff1,579000a580be4c0b8bb744ba,2023-04-26 19:41:59,2025-05-20 09:13:43,0
619,6464c0158541570011a173f6,OL4I Honorarium,5acbc4ae85018198ee97a2a5,5acbbe4385018198ee976da1,2023-05-17 11:52:53,2023-09-29 16:59:21,0
620,6478a840c2c1f900119e7cc5,6 SERVICES; Expanding capacity to administer coronavirus testing to effectively monitor and suppress coronavirus,6271af53ccf60100216b752a,62699ff6bd67ff002079028a,2023-06-01 14:16:32,2023-12-07 19:25:57,0
621,6480cbfff134e400105b74fa,9 SERVICES; Improving ventilation systems,6271af53ccf60100216b752a,62699ff6bd67ff002079028a,2023-06-07 18:27:12,2023-12-07 19:25:57,0
622,648750c54a03cb001108dad5,4345-Non Instructional Student Supplies,648749d46656de000b1d0307,648749816656de000b1d02d9,2023-06-12 17:07:17,2023-11-08 18:20:59,0
623,648751144a03cb001108e6ba,4320 - Office Supplies,648749d46656de000b1d0307,648749816656de000b1d02d9,2023-06-12 17:08:37,2023-11-08 18:20:59,0
624,648751144a03cb001108e6bb,4720 - Food Other,648749d46656de000b1d0307,648749816656de000b1d02d9,2023-06-12 17:08:37,2023-11-08 18:20:59,0
625,648751144a03cb001108e6bc,5630 - Repair and Maintenance,648749d46656de000b1d0307,648749816656de000b1d02d9,2023-06-12 17:08:37,2023-11-08 18:20:59,0
626,648751144a03cb001108e6bd,5220 Travel and Lodging,648749d46656de000b1d0307,648749816656de000b1d02d9,2023-06-12 17:08:37,2023-11-08 18:20:59,0
627,648751144a03cb001108e6be,4335 - PE Supplies,648749d46656de000b1d0307,648749816656de000b1d02d9,2023-06-12 17:08:37,2023-11-08 18:20:59,0
628,648751144a03cb001108e6bf,4350 - Custodial Supplies,648749d46656de000b1d0307,648749816656de000b1d02d9,2023-06-12 17:08:37,2023-11-08 18:20:59,0
629,648751144a03cb001108e6c0,4310 - 0000 Gen Instructional Supplies,648749d46656de000b1d0307,648749816656de000b1d02d9,2023-06-12 17:08:37,2023-11-08 18:20:59,0
630,648751144a03cb001108e6c1,4326 - Art and Music Supplies,648749d46656de000b1d0307,648749816656de000b1d02d9,2023-06-12 17:08:37,2023-11-08 18:20:59,0
631,648751144a03cb001108e6c2,5800 - Other Professional Services,648749d46656de000b1d0307,648749816656de000b1d02d9,2023-06-12 17:08:37,2023-11-08 18:20:59,0
632,648c1134c96b580011a5f4d3,test category 1,61deba81412ff600214e1dd2,5efc3218304e142aa9495894,2023-06-16 07:37:24,2023-06-16 07:37:32,0
633,648c1139966b960011bcbae5,test category 2,61deba81412ff600214e1dd2,5efc3218304e142aa9495894,2023-06-16 07:37:29,2023-06-16 07:37:32,0
634,648c113cc96b580011a5f4ef,test category 3,61deba81412ff600214e1dd2,5efc3218304e142aa9495894,2023-06-16 07:37:32,,0
635,649f1c2728d4f000114bae5d,Required Supplies,649de3fcf85095000b37de89,649d648df85095000b37c590,2023-06-30 18:17:12,2023-08-18 18:55:20,0
636,649f1c3628d4f000114baf5d,Tuition,649de3fcf85095000b37de89,649d648df85095000b37c590,2023-06-30 18:17:26,2023-08-18 18:55:20,0
637,649f1c3628d4f000114baf5e,Uniform,649de3fcf85095000b37de89,649d648df85095000b37c590,2023-06-30 18:17:26,2023-08-18 18:55:20,0
638,64b8348bb900340011228476,Professional Development Supplies and Fees,610ca65f523b0bbd9a501e43,610bec49dcbdda0021c91e6a,2023-07-19 19:07:55,2023-07-19 19:10:52,0
639,64b834e8df71440011fac475,Venues,610ca65f523b0bbd9a501e43,610bec49dcbdda0021c91e6a,2023-07-19 19:09:28,2023-07-19 19:10:52,0
640,64b834edb900340011228c12,Supplies,610ca65f523b0bbd9a501e43,610bec49dcbdda0021c91e6a,2023-07-19 19:09:33,2023-07-19 19:10:52,0
641,64b834f1b900340011228c6a,Scripts,610ca65f523b0bbd9a501e43,610bec49dcbdda0021c91e6a,2023-07-19 19:09:37,2023-07-19 19:10:52,0
642,64b8350526bf4b001173d982,Tickets,610ca65f523b0bbd9a501e43,610bec49dcbdda0021c91e6a,2023-07-19 19:09:57,2023-07-19 19:10:52,0
643,64b83517df71440011fac934,Curriculum,610ca65f523b0bbd9a501e43,610bec49dcbdda0021c91e6a,2023-07-19 19:10:16,2023-07-19 19:10:52,0
644,64b8351fdf71440011faca4d,Incentives,610ca65f523b0bbd9a501e43,610bec49dcbdda0021c91e6a,2023-07-19 19:10:23,2023-07-19 19:10:52,0
645,64b83529b90034001122918b,Desks,610ca65f523b0bbd9a501e43,610bec49dcbdda0021c91e6a,2023-07-19 19:10:34,2023-07-19 19:10:52,0
646,64b83533df71440011faccd7,Chairs,610ca65f523b0bbd9a501e43,610bec49dcbdda0021c91e6a,2023-07-19 19:10:44,2023-07-19 19:10:52,0
647,64b8353cb90034001122935e,Events/Theatre,610ca65f523b0bbd9a501e43,610bec49dcbdda0021c91e6a,2023-07-19 19:10:52,2023-07-27 14:19:58,0
648,64be8ebfbce63c00125f0207,Its too Hot outside,55e4dfa966304b4d06b2bff1,579000a580be4c0b8bb744ba,2023-07-24 14:46:24,2025-05-20 09:13:43,0
649,64beb530bb592700118d4b9b,320.21.0005 Basic Student Trainings,64bea3e1a3c202000b444613,64bea3719044e7000b493f55,2023-07-24 17:30:24,2023-07-24 17:51:41,0
650,64beba38340fc800113b2036,TRAINING _ Staff 320.22.0005,64bea3e1a3c202000b444613,64bea3719044e7000b493f55,2023-07-24 17:51:53,2024-02-07 18:51:20,0
651,64beba6caa5bdd0011705b2d,TRAINING_ Title IIA 330.22.7860 Staff Professional Development Title IIA ,64bea3e1a3c202000b444613,64bea3719044e7000b493f55,2023-07-24 17:52:44,2024-02-09 16:13:25,0
652,64beba77aa5bdd0011705db5,DRIVERS ED TRAINING 320.22.5610,64bea3e1a3c202000b444613,64bea3719044e7000b493f55,2023-07-24 17:52:56,2024-02-09 16:13:25,0
653,64beba88aa5bdd00117060e4,COLLEGE CLASSES 320.22.7860  Staff College Title IIA ,64bea3e1a3c202000b444613,64bea3719044e7000b493f55,2023-07-24 17:53:12,2024-02-07 18:30:09,0
654,64beba91bb592700118e38fd,FOOD SERVICE TRAINING 320.24.8001,64bea3e1a3c202000b444613,64bea3719044e7000b493f55,2023-07-24 17:53:21,2024-02-09 16:13:25,0
655,64beba9d340fc800113b3315,330.22.7727  Staff TOPS Training,64bea3e1a3c202000b444613,64bea3719044e7000b493f55,2023-07-24 17:53:34,2024-02-07 18:28:44,0
656,64bebaac340fc800113b35de,TRAINING _ Staff College Classes _ Title IIA  320.22.7860,64bea3e1a3c202000b444613,64bea3719044e7000b493f55,2023-07-24 17:53:48,2024-02-09 16:13:25,0
657,64bebac5bb592700118e44c1,COMMUNICATION/ADVERTISING  530.25.0005 ,64bea3e1a3c202000b444613,64bea3719044e7000b493f55,2023-07-24 17:54:14,2024-02-09 16:13:25,0
658,64bebacfbb592700118e4820,TRAVEL 580.25.0005,64bea3e1a3c202000b444613,64bea3719044e7000b493f55,2023-07-24 17:54:23,2024-02-09 16:13:25,0
659,64bebad9aa5bdd0011707932,INSTRUCTION SUPPLIES _ Generic 610.10.0005,64bea3e1a3c202000b444613,64bea3719044e7000b493f55,2023-07-24 17:54:33,2024-02-09 16:13:25,0
660,64bebae0aa5bdd0011707b69,DRIVERS ED INSTRUCTION SUPPLIES 610.10.5610,64bea3e1a3c202000b444613,64bea3719044e7000b493f55,2023-07-24 17:54:41,2024-02-09 16:13:25,0
661,64bebae9aa5bdd0011707df3,STUDENT GOV _ Activities 614.21.0005 ,64bea3e1a3c202000b444613,64bea3719044e7000b493f55,2023-07-24 17:54:50,2024-02-07 18:47:32,0
662,64bebaf2bb592700118e55bd,INSTRUCTION SUPPLIES _ Stem Action Center 610.10.5643 ,64bea3e1a3c202000b444613,64bea3719044e7000b493f55,2023-07-24 17:54:58,2024-02-09 16:13:25,0
663,64bebb06aa5bdd00117088c9,INSTRUCTION SUPPLIES _  Stem Action Mini Grant 610.10.5643.1 ,64bea3e1a3c202000b444613,64bea3719044e7000b493f55,2023-07-24 17:55:18,2024-02-09 16:13:25,0
664,64bebb10aa5bdd0011708c2d,INSTRUCTION SUPPLIES _ Title I 610.10.7801 ,64bea3e1a3c202000b444613,64bea3719044e7000b493f55,2023-07-24 17:55:28,2024-02-07 18:47:32,0
665,64bebb19aa5bdd0011708fff,610.10.7225.2 Summer School Supplies ESSER III,64bea3e1a3c202000b444613,64bea3719044e7000b493f55,2023-07-24 17:55:38,2024-02-07 18:33:55,0
666,64bebb22aa5bdd00117091ee,SPORT 612.21.0030,64bea3e1a3c202000b444613,64bea3719044e7000b493f55,2023-07-24 17:55:46,2024-02-09 16:13:25,0
667,64bebb29aa5bdd00117093a4,610.21..0250 Yearbooks,64bea3e1a3c202000b444613,64bea3719044e7000b493f55,2023-07-24 17:55:54,2023-11-16 21:28:35,0
668,64bebb31aa5bdd0011709587,CLASS SUPPLIES _ Generic Code 610.21.0005 - This is code most supplies will use.,64bea3e1a3c202000b444613,64bea3719044e7000b493f55,2023-07-24 17:56:02,2024-02-09 16:13:25,0
669,64bebb38aa5bdd001170971f,CLASS SUPPLIES _ SPED 610.21.1205 ,64bea3e1a3c202000b444613,64bea3719044e7000b493f55,2023-07-24 17:56:09,2024-02-09 16:13:25,0
670,64bebb40bb592700118e6b67,DRIVERS ED CLASS SUPPLIES 610.21.5610,64bea3e1a3c202000b444613,64bea3719044e7000b493f55,2023-07-24 17:56:16,2024-02-09 16:13:25,0
671,64bebb47aa5bdd0011709b6c,CLASS SUPPLIES _ Afterschool 610.21.7225.1 ,64bea3e1a3c202000b444613,64bea3719044e7000b493f55,2023-07-24 17:56:23,2024-02-09 16:13:25,0
672,64bebb51bb592700118e7087,610.21.7727 TOPS Supplies,64bea3e1a3c202000b444613,64bea3719044e7000b493f55,2023-07-24 17:56:34,2024-02-07 18:32:29,0
673,64bebb5abb592700118e72b1,CLASS SUPPLIES 610.21.7728 Child Care Discretionary CWS Supplies,64bea3e1a3c202000b444613,64bea3719044e7000b493f55,2023-07-24 17:56:42,2024-02-07 18:39:01,0
674,64bebb64aa5bdd001170a366,CLASS SUPPLIES _ Student 610.21.7801 Student Title I Supplies,64bea3e1a3c202000b444613,64bea3719044e7000b493f55,2023-07-24 17:56:52,2024-02-09 16:13:25,0
675,64bebb6caa5bdd001170a523,SUPPLIES 610.22.0005 Staff Supplies,64bea3e1a3c202000b444613,64bea3719044e7000b493f55,2023-07-24 17:57:01,2024-02-07 18:44:48,0
676,64bebb75bb592700118e7a0f,DAYCARE SUPPLIES 610.22.0281,64bea3e1a3c202000b444613,64bea3719044e7000b493f55,2023-07-24 17:57:09,2024-02-09 16:13:25,0
677,64bebb7daa5bdd001170a8c1,610.22.1205  Staff:  SPED Supplies ,64bea3e1a3c202000b444613,64bea3719044e7000b493f55,2023-07-24 17:57:17,2024-02-07 18:32:29,0
678,64bebb89bb592700118e7eb2,CLASS SUPPLIES _ Staff 610.22.7801 Title I Supplies ,64bea3e1a3c202000b444613,64bea3719044e7000b493f55,2023-07-24 17:57:29,2024-02-09 16:13:25,0
679,64bebb92bb592700118e810c,610.27.0005 Transportation Supplies,64bea3e1a3c202000b444613,64bea3719044e7000b493f55,2023-07-24 17:57:38,2024-02-07 18:32:29,0
680,64bebb9aaa5bdd001170b078,STUDENT GOV SUPPLIES 615.21.0005,64bea3e1a3c202000b444613,64bea3719044e7000b493f55,2023-07-24 17:57:47,2024-02-09 16:13:25,0
681,64bebba3aa5bdd001170b1de,TRAINING_ STUDENT 320.21.0005 Basic Student Trainings,64bea3e1a3c202000b444613,64bea3719044e7000b493f55,2023-07-24 17:57:56,2024-02-07 18:48:27,0
682,64bebbabaa5bdd001170b312,STUDENT GOV _ Activities 614.21.0005,64bea3e1a3c202000b444613,64bea3719044e7000b493f55,2023-07-24 17:58:04,2024-02-09 16:13:25,0
683,64bebbbabb592700118e887d,FUEL 626.27.0005 Fuel,64bea3e1a3c202000b444613,64bea3719044e7000b493f55,2023-07-24 17:58:19,2024-02-09 16:13:25,0
684,64bebbc1aa5bdd001170b6cd,DRIVERS ED FUEL 626.27.5610,64bea3e1a3c202000b444613,64bea3719044e7000b493f55,2023-07-24 17:58:26,2024-02-09 16:13:25,0
685,64bebbcbaa5bdd001170b84c,689.26.0005  Maintenance,64bea3e1a3c202000b444613,64bea3719044e7000b493f55,2023-07-24 17:58:35,2023-11-16 21:28:35,0
686,64bebbe1aa5bdd001170bd7c,TRAINING 330.22.7860 Staff Professional Development Title IIA ,64bea3e1a3c202000b444613,64bea3719044e7000b493f55,2023-07-24 17:58:58,2024-02-09 16:13:25,0
687,64bebbe1aa5bdd001170bd7d,FOOD SERVICE _ Food 630.31.8001,64bea3e1a3c202000b444613,64bea3719044e7000b493f55,2023-07-24 17:58:58,2024-02-09 16:13:25,0
688,64bebbeebb592700118e93a6,FOOD SERVICE _ FFVP 630.31.8079,64bea3e1a3c202000b444613,64bea3719044e7000b493f55,2023-07-24 17:59:10,2024-02-09 16:13:25,0
689,64becda3aa5bdd001174c751,Career coaching and navigation services.,62cc431ef74385000bfca79b,62cc431e8bf1b0000be7dd2b,2023-07-24 19:14:43,2024-01-16 17:08:19,0
690,64becda3aa5bdd001174c752,Postsecondary education and training.,62cc431ef74385000bfca79b,62cc431e8bf1b0000be7dd2b,2023-07-24 19:14:43,2024-01-16 17:08:19,0
691,64becda3aa5bdd001174c753,Transportation and equipment.,62cc431ef74385000bfca79b,62cc431e8bf1b0000be7dd2b,2023-07-24 19:14:43,2024-01-16 17:08:19,0
692,64becda3aa5bdd001174c754,Certification and credentialing examinations.,62cc431ef74385000bfca79b,62cc431e8bf1b0000be7dd2b,2023-07-24 19:14:43,2024-01-16 17:08:19,0
693,64becda3aa5bdd001174c755,Enrollment/Attendance Expenses.,62cc431ef74385000bfca79b,62cc431e8bf1b0000be7dd2b,2023-07-24 19:14:43,2024-01-16 17:08:19,0
694,64bfee847f8ad500115877d7,Test Categories,632892f456440d000c6e031d,632892f4a6e468000ccf0941,2023-07-25 15:47:16,2024-01-18 15:22:41,0
695,64c27d2ec866480011717a9c,Events,610ca65f523b0bbd9a501e43,610bec49dcbdda0021c91e6a,2023-07-27 14:20:31,2024-07-26 22:11:49,0
696,64c27d2ec866480011717a9d,Testing Supplies,610ca65f523b0bbd9a501e43,610bec49dcbdda0021c91e6a,2023-07-27 14:20:31,2024-07-26 22:11:49,0
697,64c27d2ec866480011717a9e,Events/Field Trips,610ca65f523b0bbd9a501e43,610bec49dcbdda0021c91e6a,2023-07-27 14:20:31,2024-07-26 22:11:49,0
698,64c27dac5eba8200138ba883,Events/Theatre,610ca65f523b0bbd9a501e43,610bec49dcbdda0021c91e6a,2023-07-27 14:22:36,2024-07-26 22:11:49,0
699,64c27dac5eba8200138ba884,PD,610ca65f523b0bbd9a501e43,610bec49dcbdda0021c91e6a,2023-07-27 14:22:36,2024-07-26 22:11:49,0
700,64c27dac5eba8200138ba885,Textbooks,610ca65f523b0bbd9a501e43,610bec49dcbdda0021c91e6a,2023-07-27 14:22:36,2024-07-26 22:11:49,0
701,64c27dac5eba8200138ba886,Events/Parent Support,610ca65f523b0bbd9a501e43,610bec49dcbdda0021c91e6a,2023-07-27 14:22:36,2024-07-26 22:11:49,0
702,64c27dac5eba8200138ba887,Classroom Supplies,610ca65f523b0bbd9a501e43,610bec49dcbdda0021c91e6a,2023-07-27 14:22:36,2024-07-26 22:11:49,0
703,64c27dac5eba8200138ba888,Furniture,610ca65f523b0bbd9a501e43,610bec49dcbdda0021c91e6a,2023-07-27 14:22:36,2024-07-26 22:11:49,0
704,64c27dac5eba8200138ba889,Events/Kinder Round-Up,610ca65f523b0bbd9a501e43,610bec49dcbdda0021c91e6a,2023-07-27 14:22:36,2024-07-26 22:11:49,0
705,64c27dac5eba8200138ba88a,SpEd Classroom Supplies,610ca65f523b0bbd9a501e43,610bec49dcbdda0021c91e6a,2023-07-27 14:22:36,2024-07-26 22:11:49,0
706,64c27dac5eba8200138ba88b,PD Supplies,610ca65f523b0bbd9a501e43,610bec49dcbdda0021c91e6a,2023-07-27 14:22:36,2024-07-26 22:11:49,0
707,64c27dac5eba8200138ba88c,Marketing,610ca65f523b0bbd9a501e43,610bec49dcbdda0021c91e6a,2023-07-27 14:22:36,2024-07-26 22:11:49,0
708,64c27dac5eba8200138ba88d,Office Supplies,610ca65f523b0bbd9a501e43,610bec49dcbdda0021c91e6a,2023-07-27 14:22:36,2024-07-26 22:11:49,0
709,64c27dac5eba8200138ba88e,Building Equip,610ca65f523b0bbd9a501e43,610bec49dcbdda0021c91e6a,2023-07-27 14:22:36,2024-07-26 22:11:49,0
710,64c296180966aa0010c93d91,Curriculum,610ca65f523b0bbd9a501e43,610bec49dcbdda0021c91e6a,2023-07-27 16:06:49,2024-07-26 22:11:49,0
711,64c29cf3df04a8001171de89,Class Supplies,610ca65f523b0bbd9a501e44,610bec49dcbdda0021c91e6a,2023-07-27 16:36:04,2023-07-27 16:36:08,0
712,64c29cf80966aa0010ca689f,Athletics,610ca65f523b0bbd9a501e44,610bec49dcbdda0021c91e6a,2023-07-27 16:36:08,,0
713,64c7fa93c3dd8e0012405f90,Professional Development,610ca65f523b0bbd9a501e43,610bec49dcbdda0021c91e6a,2023-07-31 18:16:51,2024-07-26 22:11:49,0
714,64ca50835b4b05001153a494,Maintenance Supplies,610ca65f523b0bbd9a501e43,610bec49dcbdda0021c91e6a,2023-08-02 12:48:04,2024-07-26 22:11:49,0
715,64d255fe43c2c40011bc557b,Class Supplies,64d2545a1fa9c0000bd62ca7,610bec49dcbdda0021c91e6a,2023-08-08 14:49:34,2023-08-08 14:49:43,0
716,64d2560674d11800125f8911,Athletics,64d2545a1fa9c0000bd62ca7,610bec49dcbdda0021c91e6a,2023-08-08 14:49:43,,0
717,64dea84a21b29e001118b6e5,Health & Safety,64de62910e37c1000bcccfb5,64de62910e37c1000bcccfaf,2023-08-17 23:07:55,,0
718,64df3196238222001187710b,1808,5efc363440d2c5316a03928e,5efc3218304e142aa9495894,2023-08-18 08:53:43,2025-01-30 09:23:37,0
719,64dfbecc58ea620011565569,Tuition,649de3fcf85095000b37de89,649d648df85095000b37c590,2023-08-18 18:56:13,,0
720,64dfbecc58ea62001156556a,Uniform,649de3fcf85095000b37de89,649d648df85095000b37c590,2023-08-18 18:56:13,,0
721,64dfbecc58ea62001156556b,Required Supplies,649de3fcf85095000b37de89,649d648df85095000b37c590,2023-08-18 18:56:13,,0
722,64ee3dd86bebd70011c0b36c,Clinic,64ee24e7fcf318000b10311a,64ee2438d55ea8000b7ab351,2023-08-29 18:50:01,2023-08-29 19:01:39,0
723,64ee3f456bebd70011c116a5,Electives Department,64ee24e7fcf318000b10311a,64ee2438d55ea8000b7ab351,2023-08-29 18:56:06,2023-08-29 19:01:39,0
724,64ee3fbbdb62cf001123f241,English Department,64ee24e7fcf318000b10311a,64ee2438d55ea8000b7ab351,2023-08-29 18:58:04,2023-08-29 19:01:39,0
725,64ee3fbbdb62cf001123f242,Math Department,64ee24e7fcf318000b10311a,64ee2438d55ea8000b7ab351,2023-08-29 18:58:04,2023-08-29 19:01:39,0
726,64ee3fbbdb62cf001123f243,PCSD Department,64ee24e7fcf318000b10311a,64ee2438d55ea8000b7ab351,2023-08-29 18:58:04,2023-08-29 19:01:39,0
727,64ee3fbbdb62cf001123f244,PE Department,64ee24e7fcf318000b10311a,64ee2438d55ea8000b7ab351,2023-08-29 18:58:04,2023-08-29 19:01:39,0
728,64ee3fbbdb62cf001123f245,Science Department,64ee24e7fcf318000b10311a,64ee2438d55ea8000b7ab351,2023-08-29 18:58:04,2023-08-29 19:01:39,0
729,64ee3fbbdb62cf001123f246,Senior Account,64ee24e7fcf318000b10311a,64ee2438d55ea8000b7ab351,2023-08-29 18:58:04,2023-08-29 19:01:39,0
730,64ee3fbbdb62cf001123f247,Social Sciences Dept.,64ee24e7fcf318000b10311a,64ee2438d55ea8000b7ab351,2023-08-29 18:58:04,2023-08-29 19:01:39,0
731,64ee3fbbdb62cf001123f248,Student Services,64ee24e7fcf318000b10311a,64ee2438d55ea8000b7ab351,2023-08-29 18:58:04,2023-08-29 19:01:39,0
732,64ee3fbbdb62cf001123f249,SGA,64ee24e7fcf318000b10311a,64ee2438d55ea8000b7ab351,2023-08-29 18:58:04,2023-08-29 19:01:39,0
733,64ee3fbbdb62cf001123f24a,Athletics,64ee24e7fcf318000b10311a,64ee2438d55ea8000b7ab351,2023-08-29 18:58:04,2023-08-29 19:01:39,0
734,64ee40936bebd70011c16dda,TCSAP,64ee24e7fcf318000b10311a,64ee2438d55ea8000b7ab351,2023-08-29 19:01:39,,0
735,64f9f89758b8f1001154c251,School Events,610ca65f523b0bbd9a501e42,610bec49dcbdda0021c91e6a,2023-09-07 16:21:43,,0
736,64f9f89758b8f1001154c252,Classroom Supplies,610ca65f523b0bbd9a501e42,610bec49dcbdda0021c91e6a,2023-09-07 16:21:43,,0
737,65170269d6b6d2001029bd10,Student Teacher,5acbc4ae85018198ee97a2a5,5acbbe4385018198ee976da1,2023-09-29 16:59:21,,0
738,651c593f963bf800114c7c48,In-person Tutoring,651485e9919c55000a3239d1,651485bad55ea8000b7c9981,2023-10-03 18:11:11,2023-12-22 20:28:34,0
739,651c597af81f1d00116154e3,Online Tutoring,651485e9919c55000a3239d1,651485bad55ea8000b7c9981,2023-10-03 18:12:11,2023-12-22 20:28:34,0
740,6520513daff53d0012a68a2e,Art Supplies,65201f3acccf74000b8ca97e,65201f3acccf74000b8ca978,2023-10-06 18:26:05,2023-10-06 18:28:37,0
741,65205147aff53d0012a68bc0,Band Supplies,65201f3acccf74000b8ca97e,65201f3acccf74000b8ca978,2023-10-06 18:26:15,2023-10-06 18:28:37,0
742,65205153aff53d0012a68de4,Classroom Supplies,65201f3acccf74000b8ca97e,65201f3acccf74000b8ca978,2023-10-06 18:26:27,2023-10-06 18:28:37,0
743,6520515eaff53d0012a68fda,Gifted Supplies,65201f3acccf74000b8ca97e,65201f3acccf74000b8ca978,2023-10-06 18:26:39,2023-10-06 18:28:37,0
744,65205167aff53d0012a691cf,Music,65201f3acccf74000b8ca97e,65201f3acccf74000b8ca978,2023-10-06 18:26:48,2023-10-06 18:28:37,0
745,65205170218e2a0010f40f2a,PE Supplies,65201f3acccf74000b8ca97e,65201f3acccf74000b8ca978,2023-10-06 18:26:56,2023-10-06 18:28:37,0
746,65205188218e2a0010f414ea,SPED Supplies,65201f3acccf74000b8ca97e,65201f3acccf74000b8ca978,2023-10-06 18:27:21,2023-10-06 18:28:37,0
747,65205197aff53d0012a69b21,STEM Supplies,65201f3acccf74000b8ca97e,65201f3acccf74000b8ca978,2023-10-06 18:27:35,2023-10-06 18:28:37,0
748,652051a1aff53d0012a69ce7,Travel,65201f3acccf74000b8ca97e,65201f3acccf74000b8ca978,2023-10-06 18:27:45,2023-10-06 18:28:37,0
749,652051b2218e2a0010f41ded,Mileage Log,65201f3acccf74000b8ca97e,65201f3acccf74000b8ca978,2023-10-06 18:28:02,2023-10-06 18:28:37,0
750,652051c0218e2a0010f42075,Supplies,65201f3acccf74000b8ca97e,65201f3acccf74000b8ca978,2023-10-06 18:28:16,2023-10-06 18:28:37,0
751,652051d4aff53d0012a6a866,Equipment,65201f3acccf74000b8ca97e,65201f3acccf74000b8ca978,2023-10-06 18:28:37,,0
752,6526a9b967a53a00125052d4,"Computers, Software & Technology",65200c04cccf74000b8ca808,652006ac7f92d1000b4367c7,2023-10-11 13:57:13,2023-10-26 14:03:01,0
753,6526a9dd07d7af001228dc31,Musical Instruments,65200c04cccf74000b8ca808,652006ac7f92d1000b4367c7,2023-10-11 13:57:49,2023-10-26 14:03:01,0
754,6526a9dd07d7af001228dc32,Student Fees (Evaluation and Testing),65200c04cccf74000b8ca808,652006ac7f92d1000b4367c7,2023-10-11 13:57:49,2023-10-26 14:03:01,0
755,6526a9ed07d7af001228df2d,Textbooks & Curriculum Materials,65200c04cccf74000b8ca808,652006ac7f92d1000b4367c7,2023-10-11 13:58:05,2023-10-26 14:03:01,0
756,6526a9f407d7af001228e016,Tuition,65200c04cccf74000b8ca808,652006ac7f92d1000b4367c7,2023-10-11 13:58:13,2023-10-26 14:03:01,0
757,6526a9ff67a53a0012505c6f,Tutoring and Online Coursework,65200c04cccf74000b8ca808,652006ac7f92d1000b4367c7,2023-10-11 13:58:24,2023-10-26 14:03:01,0
758,653502f4ae5e9d001042f4f2,Categ 1,653500134b2534000a002254,5efc3218304e142aa9495894,2023-10-22 11:09:40,2023-10-22 11:09:45,0
759,653502f8ae5e9d001042f517,Categ 2,653500134b2534000a002254,5efc3218304e142aa9495894,2023-10-22 11:09:45,,0
760,653a718ba6a6e800117fc4b9,School & Art Supplies,65200c04cccf74000b8ca808,652006ac7f92d1000b4367c7,2023-10-26 14:02:51,2023-10-26 14:03:01,0
761,653a7195a6a6e800117fc6fd,General Instruction in the Arts,65200c04cccf74000b8ca808,652006ac7f92d1000b4367c7,2023-10-26 14:03:01,,0
762,653a7512065e020012eddbee,"Computers, Software & Technology",65200c04cccf74000b8ca808,652006ac7f92d1000b4367c7,2023-10-26 14:17:55,2023-10-26 14:19:18,0
763,653a7523065e020012edddf5,General Instruction in the Arts,65200c04cccf74000b8ca808,652006ac7f92d1000b4367c7,2023-10-26 14:18:12,2023-10-26 14:19:18,0
764,653a752ca6a6e80011804952,Musical Instruments,65200c04cccf74000b8ca808,652006ac7f92d1000b4367c7,2023-10-26 14:18:20,2023-10-26 14:19:18,0
765,653a7532065e020012ede091,School & Art Supplies,65200c04cccf74000b8ca808,652006ac7f92d1000b4367c7,2023-10-26 14:18:27,2023-10-26 14:19:18,0
766,653a753b065e020012ede1bb,Student Fees (evaluation and testing),65200c04cccf74000b8ca808,652006ac7f92d1000b4367c7,2023-10-26 14:18:35,2023-10-26 14:19:18,0
767,653a7559065e020012ede59a,Textbooks & Curriculum Materials,65200c04cccf74000b8ca808,652006ac7f92d1000b4367c7,2023-10-26 14:19:05,2023-10-26 14:19:18,0
768,653a755fa6a6e80011805058,Tuition,65200c04cccf74000b8ca808,652006ac7f92d1000b4367c7,2023-10-26 14:19:12,2023-10-26 14:19:18,0
769,653a7565a6a6e80011805142,Tutoring and Online Coursework,65200c04cccf74000b8ca808,652006ac7f92d1000b4367c7,2023-10-26 14:19:18,,0
770,653bc877b9979b0011cf3294,Refunds,5dcb0edef20691a648100b8b,5d54499159b33712177e253b,2023-10-27 14:25:59,2024-07-05 14:27:05,0
771,6548fee15a6b880011bb7584,4720-000 Food - LCFF,55e4dfa966304b4d06b2bff1,579000a580be4c0b8bb744ba,2023-11-06 14:57:38,,0
772,654bcf4f45a39c001191f2e7,12349853953587538573857385739853853857385735753538753985739857385934738739q047-,648749d46656de000b1d0307,648749816656de000b1d02d9,2023-11-08 18:11:27,2023-11-08 18:13:24,0
773,654bcfa645a39c00119211ae,4310 - 9167 Gen-Fund Instructional Supplies,648749d46656de000b1d0307,648749816656de000b1d02d9,2023-11-08 18:12:55,2023-11-08 18:20:59,0
774,654bcfc4c06632001172ad14,4310 - 9163 PTF-Fund Instructional Supplies,648749d46656de000b1d0307,648749816656de000b1d02d9,2023-11-08 18:13:24,2023-11-08 18:20:59,0
775,654cebe906f0f300106105f1,Textbooks & Curriculum Materials,55e4dfa966304b4d06b2bff1,579000a580be4c0b8bb744ba,2023-11-09 14:25:46,2025-05-20 09:13:43,0
776,654cebf57a42970012cc2e22,Musical Instruments,55e4dfa966304b4d06b2bff1,579000a580be4c0b8bb744ba,2023-11-09 14:25:58,2025-05-20 09:13:43,0
777,654cec4806f0f3001061126d,"Computers, Software & Technology",55e4dfa966304b4d06b2bff1,579000a580be4c0b8bb744ba,2023-11-09 14:27:21,2025-05-20 09:13:43,0
778,654cec5a06f0f30010611580,General Instruction in the Arts,55e4dfa966304b4d06b2bff1,579000a580be4c0b8bb744ba,2023-11-09 14:27:38,2025-05-20 09:13:43,1
779,65567805f442b0001239b762,DRIVERS ED TEACHER SUPPLIES 610.22.5610 ,64bea3e1a3c202000b444613,64bea3719044e7000b493f55,2023-11-16 20:13:58,2024-02-09 16:13:25,0
780,6556781b2760a300106e25f0,YEARBOOK PURCHASE 610.21.0250 Yearbooks,64bea3e1a3c202000b444613,64bea3719044e7000b493f55,2023-11-16 20:14:20,2024-02-09 16:13:25,0
781,65567833f442b0001239c378,CLASS SUPPLIES _ DTL 610.21.5655,64bea3e1a3c202000b444613,64bea3719044e7000b493f55,2023-11-16 20:14:44,2024-02-09 16:13:25,0
782,655689822760a3001072690a,Z_OTHER - *Code not listed,64bea3e1a3c202000b444613,64bea3719044e7000b493f55,2023-11-16 21:28:35,2024-02-09 16:13:25,0
783,656e28afbaf4b40011ecb969,2 GOODS; Professional development for educators and paraprofessionals to address learning loss.,6271af53ccf60100216b752a,62699ff6bd67ff002079028a,2023-12-04 19:29:52,2023-12-07 19:25:57,0
784,656e28afbaf4b40011ecb96a,2 SERVICES; Professional development for educators and paraprofessionals to address learning loss.,6271af53ccf60100216b752a,62699ff6bd67ff002079028a,2023-12-04 19:29:52,2023-12-07 19:25:57,0
785,656e28afbaf4b40011ecb96b,"3 GOODS; Redeveloping instructional plans, including curriculum development, for remote learning, hybrid learning, or to address learning loss.",6271af53ccf60100216b752a,62699ff6bd67ff002079028a,2023-12-04 19:29:52,2023-12-07 19:25:57,0
786,656e28afbaf4b40011ecb96c,"3 SERVICES; Redeveloping instructional plans, including curriculum development, for remote learning, hybrid learning, or to address learning loss.",6271af53ccf60100216b752a,62699ff6bd67ff002079028a,2023-12-04 19:29:52,2023-12-07 19:25:57,0
787,656e28afbaf4b40011ecb96d,4 GOODS only; Purchasing evidence-based instructional materials.,6271af53ccf60100216b752a,62699ff6bd67ff002079028a,2023-12-04 19:29:52,2023-12-07 19:25:57,0
788,656e28afbaf4b40011ecb96e,"5 SERVICES; Initializing and maintaining education and support services or assistance for remote learning, hybrid learning, or to address learning loss.",6271af53ccf60100216b752a,62699ff6bd67ff002079028a,2023-12-04 19:29:52,2023-12-07 19:25:57,0
789,656e28afbaf4b40011ecb96f,6 SERVICES; Providing mental health services and support.,6271af53ccf60100216b752a,62699ff6bd67ff002079028a,2023-12-04 19:29:52,2023-12-07 19:25:57,0
790,65721c4481ec20001120d84c,"5 GOODS; Initializing and mantaining education and support services or assistance for remote learning, hybrid learning, or to address learning loss.",6271af53ccf60100216b752a,62699ff6bd67ff002079028a,2023-12-07 19:25:57,,0
791,65721c4481ec20001120d84d,6 GOODS; Providing mental health services and support.,6271af53ccf60100216b752a,62699ff6bd67ff002079028a,2023-12-07 19:25:57,,0
792,6578a7d7ed22bb001159f408,Winter Events,610ca65f523b0bbd9a501e43,610bec49dcbdda0021c91e6a,2023-12-12 18:35:03,2024-07-26 22:11:49,0
793,6585f1712d61e80016bd5846,Hybrid Tutoring,651485e9919c55000a3239d1,651485bad55ea8000b7c9981,2023-12-22 20:28:34,,0
794,658b2e192d61e80016e4442a,Tuition and fees for online schools,658b22bc341629000bb91513,658b2123f06063000afc78a6,2023-12-26 19:48:42,2024-07-22 18:11:27,0
795,658b2e192d61e80016e4442b,Tuition or fees for services provided by a school district,658b22bc341629000bb91513,658b2123f06063000afc78a6,2023-12-26 19:48:42,2024-07-22 18:11:27,0
796,658b2e192d61e80016e4442c,Tutoring (either in-person or online),658b22bc341629000bb91513,658b2123f06063000afc78a6,2023-12-26 19:48:42,2024-07-22 18:11:27,0
797,658b2e192d61e80016e4442d,Educational Therapies,658b22bc341629000bb91513,658b2123f06063000afc78a6,2023-12-26 19:48:42,2024-07-22 18:11:27,0
798,658b2e192d61e80016e4442e,Instructional Materials,658b22bc341629000bb91513,658b2123f06063000afc78a6,2023-12-26 19:48:42,2024-07-22 18:11:27,0
799,658b2e192d61e80016e4442f,Computers and Technological Devices,658b22bc341629000bb91513,658b2123f06063000afc78a6,2023-12-26 19:48:42,2024-07-22 18:11:27,0
800,658b2e192d61e80016e44430,Textbooks and Reading Books,658b22bc341629000bb91513,658b2123f06063000afc78a6,2023-12-26 19:48:42,2024-07-22 18:11:27,0
801,658b2e192d61e80016e44431,Curriculum,658b22bc341629000bb91513,658b2123f06063000afc78a6,2023-12-26 19:48:42,2024-07-22 18:11:27,0
802,658b2e192d61e80016e44432,Testing,658b22bc341629000bb91513,658b2123f06063000afc78a6,2023-12-26 19:48:42,2024-07-22 18:11:27,0
803,658b2e192d61e80016e44433,Transportation,658b22bc341629000bb91513,658b2123f06063000afc78a6,2023-12-26 19:48:42,2024-07-22 18:11:27,0
804,658b2e192d61e80016e44434,Tuition and fees for an approved nonpublic online education service provider,658b22bc341629000bb91513,658b2123f06063000afc78a6,2023-12-26 19:48:42,,0
805,658b2e192d61e80016e44435,Tuition and fees of an education service provider,658b22bc341629000bb91513,658b2123f06063000afc78a6,2023-12-26 19:48:42,,0
806,658b2e192d61e80016e44436,Tutoring services,658b22bc341629000bb91513,658b2123f06063000afc78a6,2023-12-26 19:48:42,,0
807,658b2e192d61e80016e44437,Tuition and Fees for in-person independent schools,658b22bc341629000bb91513,658b2123f06063000afc78a6,2023-12-26 19:48:42,2024-07-22 18:11:27,0
808,65a6b803288d1c0016315ddd,Transportation,62cc431ef74385000bfca79b,62cc431e8bf1b0000be7dd2b,2024-01-16 17:08:19,,0
809,65a94241d82124001686b9a8,Uniform,632892f456440d000c6e031d,632892f4a6e468000ccf0941,2024-01-18 15:22:41,,0
810,65a94241d82124001686b9a9,Required Supplies,632892f456440d000c6e031d,632892f4a6e468000ccf0941,2024-01-18 15:22:41,,0
811,65c3c9c4fb300a0016be4582,SCHOOL IMPROVEMENT FY24,5f87389bf05c50505ffbead9,5f33876cd969bc01a5c9113d,2024-02-07 18:19:49,,0
812,65c3cf9ff6f417001526fb37,FOOD SERVICE SUPPLIES _ Non Food 610.31.8001,64bea3e1a3c202000b444613,64bea3719044e7000b493f55,2024-02-07 18:44:48,2024-02-09 16:13:25,0
813,65c4e93abde7960016f349ca,PBIS SUPPLIES 610.10.7801,64bea3e1a3c202000b444613,64bea3719044e7000b493f55,2024-02-08 14:46:18,2024-02-09 16:13:25,0
814,65c64f2476b7890016431346,TRAINING _ SPED 320.22.1205,64bea3e1a3c202000b444613,64bea3719044e7000b493f55,2024-02-09 16:13:25,,0
815,65d77988e2d3a100164dcb14,AAT 23-24,59b886e4ba8113d1dddf500c,59b888efba8113d1dddf500d,2024-02-22 16:42:49,,0
816,65df5a419ed2e70015883b24,Support for Learning Loss,65d75359c93374000b842586,65d4b82cdb2c14000bee2274,2024-02-28 16:07:29,2024-12-23 15:49:15,0
817,65df5a419ed2e70015883b25,Curriculum Development,65d75359c93374000b842586,65d4b82cdb2c14000bee2274,2024-02-28 16:07:29,2024-12-23 15:49:15,0
818,65df5a419ed2e70015883b26,Redeveloping Instruction,65d75359c93374000b842586,65d4b82cdb2c14000bee2274,2024-02-28 16:07:29,2024-03-04 15:17:53,0
819,65df5a419ed2e70015883b27,Instructional Coaching,65d75359c93374000b842586,65d4b82cdb2c14000bee2274,2024-02-28 16:07:29,2024-12-23 15:49:15,0
820,65df5a419ed2e70015883b28,STEAM Materials,65d75359c93374000b842586,65d4b82cdb2c14000bee2274,2024-02-28 16:07:29,2024-12-23 15:49:15,0
821,65df5a419ed2e70015883b29,Computer Hardware/Software,65d75359c93374000b842586,65d4b82cdb2c14000bee2274,2024-02-28 16:07:29,2024-12-23 15:49:15,0
822,65df5a419ed2e70015883b2a,Coaching Stipends,65d75359c93374000b842586,65d4b82cdb2c14000bee2274,2024-02-28 16:07:29,2024-12-23 15:49:15,0
823,65df5a419ed2e70015883b2b,Instructional Practices,65d75359c93374000b842586,65d4b82cdb2c14000bee2274,2024-02-28 16:07:29,2024-12-23 15:49:15,0
824,65df5a419ed2e70015883b2c,Multimedia Training and Support,65d75359c93374000b842586,65d4b82cdb2c14000bee2274,2024-02-28 16:07:29,2024-12-23 15:49:15,0
825,65df5a419ed2e70015883b2d,Leadership Coaching,65d75359c93374000b842586,65d4b82cdb2c14000bee2274,2024-02-28 16:07:29,2024-12-23 15:49:15,0
826,65e5e589c1fc059f04968969,AIS,65d75359c93374000b842586,65d4b82cdb2c14000bee2274,2024-03-04 15:15:22,2024-12-23 15:49:15,0
827,65e5e5936387ed42f91009b4,Coach Training,65d75359c93374000b842586,65d4b82cdb2c14000bee2274,2024-03-04 15:15:32,2024-12-23 15:49:15,0
828,65e5e5c76387ed19df101718,Conference Attendance,65d75359c93374000b842586,65d4b82cdb2c14000bee2274,2024-03-04 15:16:23,2024-12-23 15:49:15,0
829,65e5e5e0c1fc05d1fa96a0bd,Instructional Materials (Title IV),65d75359c93374000b842586,65d4b82cdb2c14000bee2274,2024-03-04 15:16:48,2024-12-23 15:49:15,0
830,65e5e5f0c1fc05008c96a461,Materials associated with PD,65d75359c93374000b842586,65d4b82cdb2c14000bee2274,2024-03-04 15:17:04,2024-12-23 15:49:15,0
831,65e5e5f9c1fc05c57e96a6f7,Mental Health,65d75359c93374000b842586,65d4b82cdb2c14000bee2274,2024-03-04 15:17:13,2024-12-23 15:49:15,0
832,65e5e6076387ed7cb51025c9,SEL,65d75359c93374000b842586,65d4b82cdb2c14000bee2274,2024-03-04 15:17:27,2024-12-23 15:49:15,0
833,65e5e618c1fc05aeac96af4b,STEAM Practices,65d75359c93374000b842586,65d4b82cdb2c14000bee2274,2024-03-04 15:17:45,2024-12-23 15:49:15,0
834,65e5e6206387edb74f102c43,Tutoring,65d75359c93374000b842586,65d4b82cdb2c14000bee2274,2024-03-04 15:17:53,2024-12-23 15:49:15,0
835,65e8b075c1fc05566d093a40,Curriculum,65b2d747501eb7000b3659e9,65b2d729501eb7000b3659d1,2024-03-06 18:05:42,2024-12-11 14:35:52,0
836,65e8b07f6387edd74e82a9ea,Testing,65b2d747501eb7000b3659e9,65b2d729501eb7000b3659d1,2024-03-06 18:05:51,2024-12-11 14:35:52,0
837,65e8b07f6387edd8b982a9eb,Therapy,65b2d747501eb7000b3659e9,65b2d729501eb7000b3659d1,2024-03-06 18:05:51,2024-12-11 14:35:52,0
838,664decbaf9c4640373541385,Transportation To,65b2d747501eb7000b3659e9,65b2d729501eb7000b3659d1,2024-05-22 13:01:47,2024-12-11 14:35:52,0
839,664decbaf9c4640373541386,Transportation From,65b2d747501eb7000b3659e9,65b2d729501eb7000b3659d1,2024-05-22 13:01:47,2024-12-11 14:35:52,0
840,668802b86a3ffcd045000e42,Supplemental Materials (Curriculum Always Required),5dcb0edef20691a648100b8b,5d54499159b33712177e253b,2024-07-05 14:27:05,,1
841,669542076a3ffcd045b359e4,Field Trips,610ca65f523b0bbd9a501e43,610bec49dcbdda0021c91e6a,2024-07-15 15:36:39,2024-07-26 22:11:49,0
842,669542076a3ffcd045b359e5,Events - Fall,610ca65f523b0bbd9a501e43,610bec49dcbdda0021c91e6a,2024-07-15 15:36:39,2024-07-26 22:11:49,0
843,66954ae7bd909d12aad95b87,Dragon Pass,610ca65f523b0bbd9a501e43,610bec49dcbdda0021c91e6a,2024-07-15 16:14:32,2024-07-26 22:11:49,0
844,669551706a3ffcd045b5d634,SpEd Supplies,610ca65f523b0bbd9a501e43,610bec49dcbdda0021c91e6a,2024-07-15 16:42:25,2024-07-26 22:11:49,0
845,66955289bd909d12aada9b94,Events Winter/Spring,610ca65f523b0bbd9a501e43,610bec49dcbdda0021c91e6a,2024-07-15 16:47:06,2024-07-26 22:11:49,0
846,6698155ed0022fe224d0daab,GENERAL FUNDS,6601c10cd3dda7000b6deeea,6495d5a4b865f0000b0fc712,2024-07-17 19:02:54,,0
847,669e7949d0022fe224692ad9,EDUCATIONAL SUPPLIES & MATERIALS,65b27eb0afc84d000bbbe362,65b27eb0afc84d000bbbe35d,2024-07-22 15:22:49,2024-08-04 23:14:42,0
848,669e7950bd909d12aad8d5fd,EDUCATIONAL EXPERIENCES & FIELD TRIPS,65b27eb0afc84d000bbbe362,65b27eb0afc84d000bbbe35d,2024-07-22 15:22:57,2024-08-04 23:14:42,0
849,669e7955bd909d12aad8d69c,ASSESSMENTS,65b27eb0afc84d000bbbe362,65b27eb0afc84d000bbbe35d,2024-07-22 15:23:02,2024-08-04 23:14:42,0
850,669e795dbd909d12aad8d7b2,EXTRA-CURRICULAR,65b27eb0afc84d000bbbe362,65b27eb0afc84d000bbbe35d,2024-07-22 15:23:10,2024-08-04 23:14:42,0
851,669e7965bd909d12aad8d8a8,FAMILY PASSES,65b27eb0afc84d000bbbe362,65b27eb0afc84d000bbbe35d,2024-07-22 15:23:18,2024-08-04 23:14:42,0
852,669e796bbd909d12aad8da96,FAMILY PE PASS,65b27eb0afc84d000bbbe362,65b27eb0afc84d000bbbe35d,2024-07-22 15:23:23,2024-07-22 15:24:26,0
853,669e7973bd909d12aad8db6b,INTERNET,65b27eb0afc84d000bbbe362,65b27eb0afc84d000bbbe35d,2024-07-22 15:23:31,2024-07-22 15:24:26,0
854,669e79a9bd909d12aad8e480,SCHOOL SUPPLIES,65b27eb0afc84d000bbbe362,65b27eb0afc84d000bbbe35d,2024-07-22 15:24:26,,0
855,669e79a9bd909d12aad8e481,SOFTWARE,65b27eb0afc84d000bbbe362,65b27eb0afc84d000bbbe35d,2024-07-22 15:24:26,,0
856,669e79a9bd909d12aad8e482,SPECIAL EDUCATION,65b27eb0afc84d000bbbe362,65b27eb0afc84d000bbbe35d,2024-07-22 15:24:26,,0
857,669e79a9bd909d12aad8e483,TECHNOLOGY,65b27eb0afc84d000bbbe362,65b27eb0afc84d000bbbe35d,2024-07-22 15:24:26,,0
858,669e79a9bd909d12aad8e484,TRANSPORTATION,65b27eb0afc84d000bbbe362,65b27eb0afc84d000bbbe35d,2024-07-22 15:24:26,,0
859,669e79a9bd909d12aad8e485,TUITION & FEES,65b27eb0afc84d000bbbe362,65b27eb0afc84d000bbbe35d,2024-07-22 15:24:26,,0
860,669e79a9bd909d12aad8e486,TUTORING,65b27eb0afc84d000bbbe362,65b27eb0afc84d000bbbe35d,2024-07-22 15:24:26,,0
861,669e79a9bd909d12aad8e487,WORKSPACE,65b27eb0afc84d000bbbe362,65b27eb0afc84d000bbbe35d,2024-07-22 15:24:26,,0
862,669e79a9bd909d12aad8e488,OTHER EDUCATIONAL EXPENSES,65b27eb0afc84d000bbbe362,65b27eb0afc84d000bbbe35d,2024-07-22 15:24:26,,0
863,669ea15fd0022fe22471b769,Tuition and Fees for in-person independent schools,658b22bc341629000bb91513,658b2123f06063000afc78a6,2024-07-22 18:13:51,2024-12-05 19:16:22,0
864,669ea15fd0022fe22471b76a,Tuition and fees for online schools,658b22bc341629000bb91513,658b2123f06063000afc78a6,2024-07-22 18:13:51,2024-12-05 19:16:22,0
865,669ea15fd0022fe22471b76b,Tuition or fees for services provided by a school district,658b22bc341629000bb91513,658b2123f06063000afc78a6,2024-07-22 18:13:51,2024-12-05 19:16:22,0
866,669ea15fd0022fe22471b76c,Tutoring (either in-person or online),658b22bc341629000bb91513,658b2123f06063000afc78a6,2024-07-22 18:13:51,2024-12-05 19:16:22,0
867,669ea15fd0022fe22471b76d,Educational Therapies,658b22bc341629000bb91513,658b2123f06063000afc78a6,2024-07-22 18:13:51,2024-12-05 19:16:22,0
868,669ea15fd0022fe22471b76e,Textbooks and Reading Books,658b22bc341629000bb91513,658b2123f06063000afc78a6,2024-07-22 18:13:51,2024-12-05 19:16:22,0
869,669ea15fd0022fe22471b76f,Curriculum,658b22bc341629000bb91513,658b2123f06063000afc78a6,2024-07-22 18:13:51,2024-12-05 19:16:22,0
870,669ea15fd0022fe22471b770,Instructional Materials,658b22bc341629000bb91513,658b2123f06063000afc78a6,2024-07-22 18:13:51,2024-12-05 19:16:22,0
871,669ea15fd0022fe22471b771,Computers and Technological Devices,658b22bc341629000bb91513,658b2123f06063000afc78a6,2024-07-22 18:13:51,2024-12-05 19:16:22,0
872,669ea15fd0022fe22471b772,Testing,658b22bc341629000bb91513,658b2123f06063000afc78a6,2024-07-22 18:13:51,2024-12-05 19:16:22,0
873,669ea15fd0022fe22471b773,Transportation,658b22bc341629000bb91513,658b2123f06063000afc78a6,2024-07-22 18:13:51,2024-12-05 19:16:22,0
874,669ec71fd0022fe2247acfe6,School Funds,667e30171e01b4736ef5e500,667e30171e01b4736ef5e4fb,2024-07-22 20:54:55,,0
875,669ec71fd0022fe2247acfe7,Classroom Supplies & Materials,667e30171e01b4736ef5e500,667e30171e01b4736ef5e4fb,2024-07-22 20:54:55,,0
876,669ec71fd0022fe2247acfe8,Facility & Operation Supplies & Materails,667e30171e01b4736ef5e500,667e30171e01b4736ef5e4fb,2024-07-22 20:54:55,,0
877,669ec71fd0022fe2247acfe9,Bus Fuel,667e30171e01b4736ef5e500,667e30171e01b4736ef5e4fb,2024-07-22 20:54:55,,0
878,669ec71fd0022fe2247acfea,Transportation Department Expense,667e30171e01b4736ef5e500,667e30171e01b4736ef5e4fb,2024-07-22 20:54:55,,0
879,669ec71fd0022fe2247acfeb,Club/Activity Expense,667e30171e01b4736ef5e500,667e30171e01b4736ef5e4fb,2024-07-22 20:54:55,,0
880,669ec71fd0022fe2247acfec,Professional Development,667e30171e01b4736ef5e500,667e30171e01b4736ef5e4fb,2024-07-22 20:54:55,,0
881,66a41f246fbceeeb80cc0894,Classroom Software,610ca65f523b0bbd9a501e43,610bec49dcbdda0021c91e6a,2024-07-26 22:11:49,,0
882,66b00b735def75caff04274e,EDUCATIONAL SUPPLIES & MATERIALS,65b27eb0afc84d000bbbe362,65b27eb0afc84d000bbbe35d,2024-08-04 23:15:00,2024-08-05 13:11:21,0
883,66b00b785def75caff0427e6,EDUCATIONAL EXPERIENCES & FIELD TRIPS,65b27eb0afc84d000bbbe362,65b27eb0afc84d000bbbe35d,2024-08-04 23:15:05,2024-08-05 13:11:21,0
884,66b00b7f5def75caff042908,ASSESSMENTS,65b27eb0afc84d000bbbe362,65b27eb0afc84d000bbbe35d,2024-08-04 23:15:12,2024-08-05 13:11:21,0
885,66b00b85d64c99d298eee3e0,EXTRA-CURRICULAR,65b27eb0afc84d000bbbe362,65b27eb0afc84d000bbbe35d,2024-08-04 23:15:18,2024-08-05 13:11:21,0
886,66b00b8dd64c99d298eee4da,FAMILY PASSES,65b27eb0afc84d000bbbe362,65b27eb0afc84d000bbbe35d,2024-08-04 23:15:26,2024-08-04 23:17:10,0
887,66b00b97d64c99d298eee60a,FAMILY PE PASS,65b27eb0afc84d000bbbe362,65b27eb0afc84d000bbbe35d,2024-08-04 23:15:35,2024-08-04 23:17:10,0
888,66b00ba0d64c99d298eee713,INTERNET,65b27eb0afc84d000bbbe362,65b27eb0afc84d000bbbe35d,2024-08-04 23:15:45,2024-08-05 13:11:21,0
889,66b00ba8d64c99d298eee7e2,SCHOOL SUPPLIES,65b27eb0afc84d000bbbe362,65b27eb0afc84d000bbbe35d,2024-08-04 23:15:52,2024-08-05 13:11:21,0
890,66b00bb0d64c99d298eee91d,APPLICATIONS & SOFTWARE,65b27eb0afc84d000bbbe362,65b27eb0afc84d000bbbe35d,2024-08-04 23:16:00,2024-08-05 13:11:21,0
891,66b00bba5def75caff042f9e,SPECIAL EDUCATION,65b27eb0afc84d000bbbe362,65b27eb0afc84d000bbbe35d,2024-08-04 23:16:10,2024-08-05 13:11:21,0
892,66b00bc1d64c99d298eeeb7a,ELECTRONICS & TECHNOLOGY,65b27eb0afc84d000bbbe362,65b27eb0afc84d000bbbe35d,2024-08-04 23:16:18,2024-08-05 13:11:21,0
893,66b00bc9d64c99d298eeec6a,TRANSPORTATION,65b27eb0afc84d000bbbe362,65b27eb0afc84d000bbbe35d,2024-08-04 23:16:26,2024-08-05 13:11:21,0
894,66b00bd4d64c99d298eeed94,TUITION & FEES,65b27eb0afc84d000bbbe362,65b27eb0afc84d000bbbe35d,2024-08-04 23:16:37,2024-08-05 13:11:21,0
895,66b00bdbd64c99d298eeee76,TUTORING,65b27eb0afc84d000bbbe362,65b27eb0afc84d000bbbe35d,2024-08-04 23:16:44,2024-08-05 13:11:21,0
896,66b00bf6d64c99d298eef11b,WORKSPACE,65b27eb0afc84d000bbbe362,65b27eb0afc84d000bbbe35d,2024-08-04 23:17:10,2024-08-05 13:11:21,0
897,66b00bf6d64c99d298eef11c,OTHER EDUCATIONAL EXPENSES,65b27eb0afc84d000bbbe362,65b27eb0afc84d000bbbe35d,2024-08-04 23:17:10,2024-08-05 13:11:21,0
898,66b3e5f3d64c99d2989f2734,Materials and Supplies,66a8e9fb8217f91f3ed10be9,66a8c0138217f91f3ed10a42,2024-08-07 21:24:03,2024-08-07 21:24:23,0
899,66b3e5f9c55e776038d602bb,Meals & Food,66a8e9fb8217f91f3ed10be9,66a8c0138217f91f3ed10a42,2024-08-07 21:24:10,2024-08-07 21:24:23,0
900,66b3e5ffc55e776038d60477,Awards & Gifts,66a8e9fb8217f91f3ed10be9,66a8c0138217f91f3ed10a42,2024-08-07 21:24:16,2024-08-07 21:24:23,0
901,66b3e607d64c99d2989f2d50,Miscellaneous,66a8e9fb8217f91f3ed10be9,66a8c0138217f91f3ed10a42,2024-08-07 21:24:23,,0
902,66b67a08c55e7760384a0e1b,Gym Equiptment,66324c4bbdf15892a0c86476,66324bc9bdf15892a0c8642d,2024-08-09 20:20:24,,0
903,66be216416ca6beb870b5330,Test Cat,5eaadc10253e845328e1ff98,579000a580be4c0b8bb744ba,2024-08-15 15:40:21,2025-05-13 08:42:51,0
904,66be26627760d201aeb13bcc,Test,5f335a4740420f58a1ef417d,5f330bead969bc01a5c9112c,2024-08-15 16:01:38,,0
905,66c7a4b016ca6beb874eb8b4,2024 Fall Play,6601c10cd3dda7000b6deeba,6495d5a4b865f0000b0fc712,2024-08-22 20:50:56,2024-08-22 20:51:56,0
906,66c7a4cb7760d201aef44704,2025 Spring Play,6601c10cd3dda7000b6deeba,6495d5a4b865f0000b0fc712,2024-08-22 20:51:24,2024-08-22 20:51:56,0
907,66c7a4df16ca6beb874ec23b,Thespian Troupe,6601c10cd3dda7000b6deeba,6495d5a4b865f0000b0fc712,2024-08-22 20:51:43,2024-08-22 20:51:56,0
908,66c7a4eb7760d201aef44e90,Drama Club,6601c10cd3dda7000b6deeba,6495d5a4b865f0000b0fc712,2024-08-22 20:51:56,,0
909,66ccb4027760d201ae63311f,Caddo test category,55e4dfa966304b4d06b2bff1,579000a580be4c0b8bb744ba,2024-08-26 16:57:39,2025-05-20 09:13:43,0
910,66e1b342159427b943c9b01d,MS Teaching Supplies,6467be2269d53d000b5e9593,6467bdc16dc584000afce3bf,2024-09-11 15:12:03,2024-09-11 15:12:34,0
911,66e1b34f159427b943c9b25b,24-25 Reed City HS Teaching Supplies,6467be2269d53d000b5e9593,6467bdc16dc584000afce3bf,2024-09-11 15:12:16,2024-09-11 15:16:19,0
912,66e1b362159427b943c9b5d3,Industrial Art Supplies,6467be2269d53d000b5e9593,6467bdc16dc584000afce3bf,2024-09-11 15:12:34,,0
913,66e2f7b1d682e1785fa677b0,TSES PTO,59546004ba8113d1dddf39af,59546001ba8113d1dddf39ae,2024-09-12 14:16:18,2024-09-12 15:03:05,0
914,66f1cabc3e36e5e8f6e7f4e6,Instructional Supplies,66edd464e3046224c04eda81,669a7d59d5e16bd9ee93eb1b,2024-09-23 20:08:29,,0
915,66f41706dee7341dc17ddf04,Classroom furniture/organization,66a9751b8217f91f3ed11884,66a9735da9ce2a7a45ed484e,2024-09-25 13:58:31,,0
916,66f6db32dee7341dc1f13611,Teacher Coaches 24-25,595459f4ba8113d1dddf39ab,5954585aba8113d1dddf39a4,2024-09-27 16:20:02,2024-11-12 19:29:32,0
917,670277764992ebdfac5c6e60,106 mongo 6-0 release,5efc363440d2c5316a03928e,5efc3218304e142aa9495894,2024-10-06 11:41:43,2025-01-30 09:23:37,0
918,6728dc46c32799b2138aad1b,tuition,67191ad8c2882b473f7ea1cf,67191a40d1deb60f6b212cc8,2024-11-04 14:37:58,,0
919,6728dc46c32799b2138aad1c,therapy,67191ad8c2882b473f7ea1cf,67191a40d1deb60f6b212cc8,2024-11-04 14:37:58,,0
920,6728dc46c32799b2138aad1d,curriculum,67191ad8c2882b473f7ea1cf,67191a40d1deb60f6b212cc8,2024-11-04 14:37:58,,0
921,6733ac9c5b0e96c7307547cb,Master Teachers 24-25,595459f4ba8113d1dddf39ab,5954585aba8113d1dddf39a4,2024-11-12 19:29:32,,0
922,673758aec9f07fe1ff093d23,Laptop/dektop/tablet,66ecbc151bef9cf5f76af91b,66ec9af31bef9cf5f76af8b6,2024-11-15 14:20:31,2024-11-18 21:38:24,0
923,673758aec9f07fe1ff093d24,Internet access,66ecbc151bef9cf5f76af91b,66ec9af31bef9cf5f76af8b6,2024-11-15 14:20:31,2024-11-18 21:38:24,0
924,673758aec9f07fe1ff093d25,"Other technology (camera, printer, headphones)",66ecbc151bef9cf5f76af91b,66ec9af31bef9cf5f76af8b6,2024-11-15 14:20:31,2024-11-18 21:38:24,0
925,673758aec9f07fe1ff093d26,Textbooks,66ecbc151bef9cf5f76af91b,66ec9af31bef9cf5f76af8b6,2024-11-15 14:20:31,2024-11-18 21:38:24,0
926,673758aec9f07fe1ff093d27,Educational software,66ecbc151bef9cf5f76af91b,66ec9af31bef9cf5f76af8b6,2024-11-15 14:20:31,2024-11-18 21:38:24,0
927,673758aec9f07fe1ff093d28,Testing fees,66ecbc151bef9cf5f76af91b,66ec9af31bef9cf5f76af8b6,2024-11-15 14:20:31,2024-11-18 21:38:24,0
928,673758aec9f07fe1ff093d29,Therapy,66ecbc151bef9cf5f76af91b,66ec9af31bef9cf5f76af8b6,2024-11-15 14:20:31,2024-11-18 21:38:24,0
929,673758aec9f07fe1ff093d2a,Academic tutoring,66ecbc151bef9cf5f76af91b,66ec9af31bef9cf5f76af8b6,2024-11-15 14:20:31,2024-11-18 21:38:24,0
930,673758aec9f07fe1ff093d2b,Educational programs offered by a school,66ecbc151bef9cf5f76af91b,66ec9af31bef9cf5f76af8b6,2024-11-15 14:20:31,2024-11-18 21:38:24,0
931,673758aec9f07fe1ff093d2c,Education camps and classes,66ecbc151bef9cf5f76af91b,66ec9af31bef9cf5f76af8b6,2024-11-15 14:20:31,2024-11-18 21:38:24,0
932,673758aec9f07fe1ff093d2d,Non-technological education equipment,66ecbc151bef9cf5f76af91b,66ec9af31bef9cf5f76af8b6,2024-11-15 14:20:31,2024-11-18 21:38:24,0
933,673758aec9f07fe1ff093d2e,Physical education equipment,66ecbc151bef9cf5f76af91b,66ec9af31bef9cf5f76af8b6,2024-11-15 14:20:31,2024-11-18 21:38:24,0
934,673758aec9f07fe1ff093d2f,Musical instruments and instruction,66ecbc151bef9cf5f76af91b,66ec9af31bef9cf5f76af8b6,2024-11-15 14:20:31,2024-11-18 21:38:24,0
935,673758aec9f07fe1ff093d30,Costumes and uniforms,66ecbc151bef9cf5f76af91b,66ec9af31bef9cf5f76af8b6,2024-11-15 14:20:31,2024-11-18 21:38:24,0
936,673bb579eefa6a555f1e25ce,Academic tutoring,66ecbc151bef9cf5f76af91b,66ec9af31bef9cf5f76af8b6,2024-11-18 21:45:30,,0
937,673bb579eefa6a555f1e25cf,"Books, textbooks, and curriculum",66ecbc151bef9cf5f76af91b,66ec9af31bef9cf5f76af8b6,2024-11-18 21:45:30,,0
938,673bb579eefa6a555f1e25d0,Computer hardware (Laptop/desktop/tablet),66ecbc151bef9cf5f76af91b,66ec9af31bef9cf5f76af8b6,2024-11-18 21:45:30,,0
939,673bb579eefa6a555f1e25d1,Costumes and uniforms,66ecbc151bef9cf5f76af91b,66ec9af31bef9cf5f76af8b6,2024-11-18 21:45:30,,0
940,673bb579eefa6a555f1e25d2,Education camps and classes,66ecbc151bef9cf5f76af91b,66ec9af31bef9cf5f76af8b6,2024-11-18 21:45:30,,0
941,673bb579eefa6a555f1e25d3,Educational programs offered by a school,66ecbc151bef9cf5f76af91b,66ec9af31bef9cf5f76af8b6,2024-11-18 21:45:30,,0
942,673bb579eefa6a555f1e25d4,Educational software,66ecbc151bef9cf5f76af91b,66ec9af31bef9cf5f76af8b6,2024-11-18 21:45:30,,0
943,673bb579eefa6a555f1e25d5,Home internet access,66ecbc151bef9cf5f76af91b,66ec9af31bef9cf5f76af8b6,2024-11-18 21:45:30,,0
944,673bb579eefa6a555f1e25d6,Musical instruments and instruction,66ecbc151bef9cf5f76af91b,66ec9af31bef9cf5f76af8b6,2024-11-18 21:45:30,,0
945,673bb579eefa6a555f1e25d7,"Non-technological education equipment (school supplies, backpacks, calculators)",66ecbc151bef9cf5f76af91b,66ec9af31bef9cf5f76af8b6,2024-11-18 21:45:30,,0
946,673bb579eefa6a555f1e25d8,"Other technology (camera, printer, headphones, etc)",66ecbc151bef9cf5f76af91b,66ec9af31bef9cf5f76af8b6,2024-11-18 21:45:30,,0
947,673bb579eefa6a555f1e25d9,Physical education equipment,66ecbc151bef9cf5f76af91b,66ec9af31bef9cf5f76af8b6,2024-11-18 21:45:30,,0
948,673bb579eefa6a555f1e25da,Testing Fees,66ecbc151bef9cf5f76af91b,66ec9af31bef9cf5f76af8b6,2024-11-18 21:45:30,,0
949,673bb579eefa6a555f1e25db,Therapy,66ecbc151bef9cf5f76af91b,66ec9af31bef9cf5f76af8b6,2024-11-18 21:45:30,,0
950,67517410cb4f97d6e26c6181,MFA category,5efc363440d2c5316a03928e,5efc3218304e142aa9495894,2024-12-05 09:36:17,2025-01-30 09:23:37,0
951,6751fc059aa505d4d5dba4c1,Uniforms,658b22bc341629000bb91513,658b2123f06063000afc78a6,2024-12-05 19:16:22,,0
952,6759a347d36cdd0c5777e7e9,Tuition,65b2d747501eb7000b3659e9,65b2d729501eb7000b3659d1,2024-12-11 14:35:52,,0
953,6769867bc15e5458123f71aa,Mentoring,65d75359c93374000b842586,65d4b82cdb2c14000bee2274,2024-12-23 15:49:15,,0
954,6769867bc15e5458123f71ab,PLC,65d75359c93374000b842586,65d4b82cdb2c14000bee2274,2024-12-23 15:49:15,,0
955,6769867bc15e5458123f71ac,PBL Training,65d75359c93374000b842586,65d4b82cdb2c14000bee2274,2024-12-23 15:49:15,,0
956,6769867bc15e5458123f71ad,PBL Coaching,65d75359c93374000b842586,65d4b82cdb2c14000bee2274,2024-12-23 15:49:15,,0
957,6769867bc15e5458123f71ae,Instructional Coach,65d75359c93374000b842586,65d4b82cdb2c14000bee2274,2024-12-23 15:49:15,,0
958,677f03a73ac4e12dc4b2877d,Computer,675c7f811b7daeb073b2f472,675c7f62235d31bf3aef791f,2025-01-08 23:00:55,2025-01-08 23:01:58,0
959,677f03ad3ac4e12dc4b28914,Curriculum,675c7f811b7daeb073b2f472,675c7f62235d31bf3aef791f,2025-01-08 23:01:01,2025-01-08 23:01:58,0
960,677f03e642a8ce5d64022cc7,Instructional Resources,675c7f811b7daeb073b2f472,675c7f62235d31bf3aef791f,2025-01-08 23:01:58,,0
961,677f03e642a8ce5d64022cc8,Instructional Services - Academics,675c7f811b7daeb073b2f472,675c7f62235d31bf3aef791f,2025-01-08 23:01:58,,0
962,677f03e642a8ce5d64022cc9,Instructional Services - Other,675c7f811b7daeb073b2f472,675c7f62235d31bf3aef791f,2025-01-08 23:01:58,,0
963,677f03e642a8ce5d64022cca,Printer Supplies,675c7f811b7daeb073b2f472,675c7f62235d31bf3aef791f,2025-01-08 23:01:58,,0
964,677f03e642a8ce5d64022ccb,Printers,675c7f811b7daeb073b2f472,675c7f62235d31bf3aef791f,2025-01-08 23:01:58,,0
965,677f03e642a8ce5d64022ccc,School Supplies,675c7f811b7daeb073b2f472,675c7f62235d31bf3aef791f,2025-01-08 23:01:58,,0
966,677f03e642a8ce5d64022ccd,School Uniforms,675c7f811b7daeb073b2f472,675c7f62235d31bf3aef791f,2025-01-08 23:01:58,,0
967,677f03e642a8ce5d64022cce,Tablet,675c7f811b7daeb073b2f472,675c7f62235d31bf3aef791f,2025-01-08 23:01:58,,0
968,677f03e642a8ce5d64022ccf,Technology,675c7f811b7daeb073b2f472,675c7f62235d31bf3aef791f,2025-01-08 23:01:58,,0
969,677f03e642a8ce5d64022cd0,Testing Costs,675c7f811b7daeb073b2f472,675c7f62235d31bf3aef791f,2025-01-08 23:01:58,,0
970,677f03e642a8ce5d64022cd1,Therapy Fees,675c7f811b7daeb073b2f472,675c7f62235d31bf3aef791f,2025-01-08 23:01:58,,0
971,677f03e642a8ce5d64022cd2,Transportation,675c7f811b7daeb073b2f472,675c7f62235d31bf3aef791f,2025-01-08 23:01:58,,0
972,677f03e642a8ce5d64022cd3,Tuition and Fees,675c7f811b7daeb073b2f472,675c7f62235d31bf3aef791f,2025-01-08 23:01:58,,0
973,677f03e642a8ce5d64022cd4,Tutoring,675c7f811b7daeb073b2f472,675c7f62235d31bf3aef791f,2025-01-08 23:01:58,,0
974,679271b1ff59aa2646526826,Arkansas Tutoring Corp.,676096341b7daeb073b2fbec,676096071b7daeb073b2fbd2,2025-01-23 16:43:30,,0
975,679271b1ff59aa2646526827,Business Tutor,676096341b7daeb073b2fbec,676096071b7daeb073b2fbd2,2025-01-23 16:43:30,,0
976,679271b1ff59aa2646526828,Hybrid,676096341b7daeb073b2fbec,676096071b7daeb073b2fbd2,2025-01-23 16:43:30,,0
977,679271b1ff59aa2646526829,In-person,676096341b7daeb073b2fbec,676096071b7daeb073b2fbd2,2025-01-23 16:43:30,,0
978,679271b1ff59aa264652682a,Online,676096341b7daeb073b2fbec,676096071b7daeb073b2fbd2,2025-01-23 16:43:30,,0
979,679b44e19d6a34f97bc6fc46,category of the ,5efc363440d2c5316a03928e,5efc3218304e142aa9495894,2025-01-30 09:22:41,2025-01-30 09:23:10,0
980,67c634505816fc43b62a959d,Cleaning & Janitorial  62552,64ff1532d55ea8000b7b14a4,64ff0b45d55ea8000b7b144d,2025-03-03 22:59:28,2025-03-03 23:01:53,0
981,67c634e1ebe05b34a3b00bad,Landscaping Maintenance 62554,64ff1532d55ea8000b7b14a4,64ff0b45d55ea8000b7b144d,2025-03-03 23:01:53,,0
982,67c634e1ebe05b34a3b00bae,Improvements/Repairs 62556,64ff1532d55ea8000b7b14a4,64ff0b45d55ea8000b7b144d,2025-03-03 23:01:53,,0
983,67c634e1ebe05b34a3b00baf,Parent/Child 63342,64ff1532d55ea8000b7b14a4,64ff0b45d55ea8000b7b144d,2025-03-03 23:01:53,,0
984,67c634e1ebe05b34a3b00bb0,Pre-K Poppy 63111,64ff1532d55ea8000b7b14a4,64ff0b45d55ea8000b7b144d,2025-03-03 23:01:53,,0
985,67c634e1ebe05b34a3b00bb1,Pre-K Rose 63112,64ff1532d55ea8000b7b14a4,64ff0b45d55ea8000b7b144d,2025-03-03 23:01:53,,0
986,67c634e1ebe05b34a3b00bb2,Pre-K Lavender 63112,64ff1532d55ea8000b7b14a4,64ff0b45d55ea8000b7b144d,2025-03-03 23:01:53,,0
987,67c634e1ebe05b34a3b00bb3,Kindergarten Sunflower 63121,64ff1532d55ea8000b7b14a4,64ff0b45d55ea8000b7b144d,2025-03-03 23:01:53,,0
988,67c634e1ebe05b34a3b00bb4,Kindergarten Larkspur 63122,64ff1532d55ea8000b7b14a4,64ff0b45d55ea8000b7b144d,2025-03-03 23:01:53,,0
989,67c634e1ebe05b34a3b00bb5,Grade 1 63201,64ff1532d55ea8000b7b14a4,64ff0b45d55ea8000b7b144d,2025-03-03 23:01:53,,0
990,67c634e1ebe05b34a3b00bb6,Grade 2 63202,64ff1532d55ea8000b7b14a4,64ff0b45d55ea8000b7b144d,2025-03-03 23:01:53,,0
991,67c634e1ebe05b34a3b00bb7,Grade 3 63203,64ff1532d55ea8000b7b14a4,64ff0b45d55ea8000b7b144d,2025-03-03 23:01:53,,0
992,67c634e1ebe05b34a3b00bb8,Grade 4 63204,64ff1532d55ea8000b7b14a4,64ff0b45d55ea8000b7b144d,2025-03-03 23:01:53,,0
993,67c634e1ebe05b34a3b00bb9,Grade 5 63205,64ff1532d55ea8000b7b14a4,64ff0b45d55ea8000b7b144d,2025-03-03 23:01:53,,0
994,67c634e1ebe05b34a3b00bba,Grade 6 63206,64ff1532d55ea8000b7b14a4,64ff0b45d55ea8000b7b144d,2025-03-03 23:01:53,,0
995,67c634e1ebe05b34a3b00bbb,Grade 7 63207,64ff1532d55ea8000b7b14a4,64ff0b45d55ea8000b7b144d,2025-03-03 23:01:53,,0
996,67c634e1ebe05b34a3b00bbc,Grade 8 63208,64ff1532d55ea8000b7b14a4,64ff0b45d55ea8000b7b144d,2025-03-03 23:01:53,,0
997,67c634e1ebe05b34a3b00bbd,Handwork 63310,64ff1532d55ea8000b7b14a4,64ff0b45d55ea8000b7b144d,2025-03-03 23:01:53,,0
998,67c634e1ebe05b34a3b00bbe,Games 63312,64ff1532d55ea8000b7b14a4,64ff0b45d55ea8000b7b144d,2025-03-03 23:01:53,,0
999,67c634e1ebe05b34a3b00bbf,Spanish 63314,64ff1532d55ea8000b7b14a4,64ff0b45d55ea8000b7b144d,2025-03-03 23:01:53,,0
1000,67c634e1ebe05b34a3b00bc0,Chorus 63316,64ff1532d55ea8000b7b14a4,64ff0b45d55ea8000b7b144d,2025-03-03 23:01:53,,0
1001,67c634e1ebe05b34a3b00bc1,Strings 63318,64ff1532d55ea8000b7b14a4,64ff0b45d55ea8000b7b144d,2025-03-03 23:01:53,,0
1002,67c634e1ebe05b34a3b00bc2,Woodworking 63320,64ff1532d55ea8000b7b14a4,64ff0b45d55ea8000b7b144d,2025-03-03 23:01:53,,0
1003,67c634e1ebe05b34a3b00bc3,Gardening 63322,64ff1532d55ea8000b7b14a4,64ff0b45d55ea8000b7b144d,2025-03-03 23:01:53,,0
1004,67c634e1ebe05b34a3b00bc4,Japanese 63324,64ff1532d55ea8000b7b14a4,64ff0b45d55ea8000b7b144d,2025-03-03 23:01:53,,0
1005,67c634e1ebe05b34a3b00bc5,Schoolwide Expenses 63354,64ff1532d55ea8000b7b14a4,64ff0b45d55ea8000b7b144d,2025-03-03 23:01:53,,0
1006,67c634e1ebe05b34a3b00bc6,Extended Care Costs 68620,64ff1532d55ea8000b7b14a4,64ff0b45d55ea8000b7b144d,2025-03-03 23:01:53,,0
1007,67c634e1ebe05b34a3b00bc7,Extended Care Snacks 68640,64ff1532d55ea8000b7b14a4,64ff0b45d55ea8000b7b144d,2025-03-03 23:01:53,,0
1008,67c634e1ebe05b34a3b00bc8,Staff Development 63750,64ff1532d55ea8000b7b14a4,64ff0b45d55ea8000b7b144d,2025-03-03 23:01:53,,0
1009,67c634e1ebe05b34a3b00bc9,Office Expense 62840,64ff1532d55ea8000b7b14a4,64ff0b45d55ea8000b7b144d,2025-03-03 23:01:53,,0
1010,67c634e1ebe05b34a3b00bca,Harvest Faire 68554,64ff1532d55ea8000b7b14a4,64ff0b45d55ea8000b7b144d,2025-03-03 23:01:53,,0
1011,67c634e1ebe05b34a3b00bcb,Community Events 68558,64ff1532d55ea8000b7b14a4,64ff0b45d55ea8000b7b144d,2025-03-03 23:01:53,,0
1012,67c634e1ebe05b34a3b00bcc,Development Events 71200,64ff1532d55ea8000b7b14a4,64ff0b45d55ea8000b7b144d,2025-03-03 23:01:53,,0
1013,67fe96204183facd1f99358d,Curriculum,65b3ebaeafc84d000bbbe91c,65b2d729501eb7000b3659d1,2025-04-15 17:23:45,2025-04-15 18:24:36,0
1014,67fe96204183facd1f99358e,Testing,65b3ebaeafc84d000bbbe91c,65b2d729501eb7000b3659d1,2025-04-15 17:23:45,2025-04-15 18:24:36,0
1015,67fe96204183facd1f99358f,Uniforms,65b3ebaeafc84d000bbbe91c,65b2d729501eb7000b3659d1,2025-04-15 17:23:45,2025-04-15 18:24:36,0
1016,67fea463151baf8578d98f33,Tuiton,65b3ebaeafc84d000bbbe91c,65b2d729501eb7000b3659d1,2025-04-15 18:24:36,,0
1017,67ffd53e4183facd1fccc7a2,10e101 1110 4100 10 000000,6759b40a1b7daeb073b2e1aa,6759b386235d31bf3aef658a,2025-04-16 16:05:18,,0
1018,68112b8a34a9e055c3cbaeed,Computers and Technology,68111b4106cd113ed68d00b2,68111aa406cd113ed68cffa9,2025-04-29 19:42:03,,0
1019,68112b8a34a9e055c3cbaeee,Educational Materials,68111b4106cd113ed68d00b2,68111aa406cd113ed68cffa9,2025-04-29 19:42:03,,0
1020,68112b8a34a9e055c3cbaeef,Paraprofessional Services,68111b4106cd113ed68d00b2,68111aa406cd113ed68cffa9,2025-04-29 19:42:03,,0
1021,68112b8a34a9e055c3cbaef0,Tuition Fees,68111b4106cd113ed68d00b2,68111aa406cd113ed68cffa9,2025-04-29 19:42:03,,0
1022,68112b8a34a9e055c3cbaef1,Tutoring Expenses,68111b4106cd113ed68d00b2,68111aa406cd113ed68cffa9,2025-04-29 19:42:03,,0
1023,68112b8a34a9e055c3cbaef2,Uniforms,68111b4106cd113ed68d00b2,68111aa406cd113ed68cffa9,2025-04-29 19:42:03,,0
1024,6823060a2782f3e281743674,additional documentation,5eaadc10253e845328e1ff98,579000a580be4c0b8bb744ba,2025-05-13 08:42:51,,1
1025,6826244a846bbc126db1e070,Building Tomorrow’s Engineers: Safe Tools for Learning,64511b832cd0b1000bdf20c2,64511b832cd0b1000bdf20bc,2025-05-15 17:28:42,2025-05-22 16:09:54,0
1026,6826244a846bbc126db1e071,Bloxels Classroom Pack,64511b832cd0b1000bdf20c2,64511b832cd0b1000bdf20bc,2025-05-15 17:28:42,2025-05-22 16:09:54,0
1027,6826244a846bbc126db1e072,Special Olympics Unified Champions Equipment,64511b832cd0b1000bdf20c2,64511b832cd0b1000bdf20bc,2025-05-15 17:28:42,2025-05-22 16:09:54,0
1028,6826244a846bbc126db1e073,Ramped Up Reading,64511b832cd0b1000bdf20c2,64511b832cd0b1000bdf20bc,2025-05-15 17:28:42,2025-05-22 16:09:54,0
1029,6826244a846bbc126db1e074,Reading for ALL,64511b832cd0b1000bdf20c2,64511b832cd0b1000bdf20bc,2025-05-15 17:28:42,2025-05-22 16:09:54,0
1030,6826244a846bbc126db1e075,Making Sense of Your Worth Program,64511b832cd0b1000bdf20c2,64511b832cd0b1000bdf20bc,2025-05-15 17:28:42,2025-05-22 16:09:54,0
1031,6826244a846bbc126db1e076,Caring Closet,64511b832cd0b1000bdf20c2,64511b832cd0b1000bdf20bc,2025-05-15 17:28:42,2025-05-22 16:09:54,0
1032,6826244a846bbc126db1e077,Korg Tuner Project,64511b832cd0b1000bdf20c2,64511b832cd0b1000bdf20bc,2025-05-15 17:28:42,2025-05-22 16:09:54,0
1033,6826244a846bbc126db1e078,Enhancing Creativity and Engagement through Games and Art Supplies,64511b832cd0b1000bdf20c2,64511b832cd0b1000bdf20bc,2025-05-15 17:28:42,2025-05-22 16:09:54,0
1034,6826244a846bbc126db1e079,Sensory Room and Path,64511b832cd0b1000bdf20c2,64511b832cd0b1000bdf20bc,2025-05-15 17:28:42,2025-05-22 16:09:54,0
1035,6826244a846bbc126db1e07a,Illuminating Learning: A Light Table for Closing Learning Gaps in the Resource Room,64511b832cd0b1000bdf20c2,64511b832cd0b1000bdf20bc,2025-05-15 17:28:42,2025-05-22 16:09:54,0
1036,6826244a846bbc126db1e07b,Literature in music!,64511b832cd0b1000bdf20c2,64511b832cd0b1000bdf20bc,2025-05-15 17:28:42,2025-05-22 16:09:54,0
1037,6826244a846bbc126db1e07c,Obstacle Course,64511b832cd0b1000bdf20c2,64511b832cd0b1000bdf20bc,2025-05-15 17:28:42,2025-05-22 16:09:54,0
1038,6826244a846bbc126db1e07d,Wit and Wisdom Supplemental Texts,64511b832cd0b1000bdf20c2,64511b832cd0b1000bdf20bc,2025-05-15 17:28:42,2025-05-22 16:09:54,0
1039,6826244a846bbc126db1e07e,Ready to Learn,64511b832cd0b1000bdf20c2,64511b832cd0b1000bdf20bc,2025-05-15 17:28:42,2025-05-22 16:09:54,0
1040,6826244a846bbc126db1e07f,Wit & Wisdom Supplemental Books,64511b832cd0b1000bdf20c2,64511b832cd0b1000bdf20bc,2025-05-15 17:28:42,2025-05-22 16:09:54,0
1041,6826244a846bbc126db1e080,Wit and Wisdom Supplemental Text and Activities,64511b832cd0b1000bdf20c2,64511b832cd0b1000bdf20bc,2025-05-15 17:28:42,2025-05-22 16:09:54,0
1042,6826244a846bbc126db1e081,Tumbling Mats,64511b832cd0b1000bdf20c2,64511b832cd0b1000bdf20bc,2025-05-15 17:28:42,2025-05-22 16:09:54,0
1043,6826244a846bbc126db1e082,Student Growth Through Racket Play,64511b832cd0b1000bdf20c2,64511b832cd0b1000bdf20bc,2025-05-15 17:28:42,2025-05-22 16:09:54,0
1044,6826244a846bbc126db1e083,Math Enrichment Board Games,64511b832cd0b1000bdf20c2,64511b832cd0b1000bdf20bc,2025-05-15 17:28:42,2025-05-22 16:09:54,0
1045,6826244a846bbc126db1e084,Calming Room Refresh,64511b832cd0b1000bdf20c2,64511b832cd0b1000bdf20bc,2025-05-15 17:28:42,2025-05-22 16:09:54,0
1046,6826244a846bbc126db1e085,Eiteljorg Museum Experience ,64511b832cd0b1000bdf20c2,64511b832cd0b1000bdf20bc,2025-05-15 17:28:42,2025-05-22 16:09:54,0
1047,6826244a846bbc126db1e086,Chess and learning strategies,64511b832cd0b1000bdf20c2,64511b832cd0b1000bdf20bc,2025-05-15 17:28:42,2025-05-22 16:09:54,0
1048,6826244a846bbc126db1e087,"Full ""STEAM"" Ahead",64511b832cd0b1000bdf20c2,64511b832cd0b1000bdf20bc,2025-05-15 17:28:42,2025-05-22 16:09:54,0
1049,6826244a846bbc126db1e088,Classroom Book Sets,64511b832cd0b1000bdf20c2,64511b832cd0b1000bdf20bc,2025-05-15 17:28:42,2025-05-22 16:09:54,0
1050,6826244a846bbc126db1e089,Shark Tank,64511b832cd0b1000bdf20c2,64511b832cd0b1000bdf20bc,2025-05-15 17:28:42,2025-05-22 16:09:54,0
1051,6826244a846bbc126db1e08a,Year Round Sensory Bins,64511b832cd0b1000bdf20c2,64511b832cd0b1000bdf20bc,2025-05-15 17:28:42,2025-05-22 16:09:54,0
1052,6826244a846bbc126db1e08b,Book Club,64511b832cd0b1000bdf20c2,64511b832cd0b1000bdf20bc,2025-05-15 17:28:42,2025-05-22 16:09:54,0
1053,6826244a846bbc126db1e08c,Supplementary Art Supplies,64511b832cd0b1000bdf20c2,64511b832cd0b1000bdf20bc,2025-05-15 17:28:42,2025-05-22 16:09:54,0
1054,6826244a846bbc126db1e08d,Building Knowledge through Literature & Experiences,64511b832cd0b1000bdf20c2,64511b832cd0b1000bdf20bc,2025-05-15 17:28:42,2025-05-22 16:09:54,0
1055,6826244a846bbc126db1e08e,Table Time,64511b832cd0b1000bdf20c2,64511b832cd0b1000bdf20bc,2025-05-15 17:28:42,2025-05-22 16:09:54,0
1056,6826244a846bbc126db1e08f,Engage & Instruct,64511b832cd0b1000bdf20c2,64511b832cd0b1000bdf20bc,2025-05-15 17:28:42,2025-05-22 16:09:54,0
1057,6826244a846bbc126db1e090,Background Knowledge Building,64511b832cd0b1000bdf20c2,64511b832cd0b1000bdf20bc,2025-05-15 17:28:42,2025-05-22 16:09:54,0
1058,6826244a846bbc126db1e091,STEM,64511b832cd0b1000bdf20c2,64511b832cd0b1000bdf20bc,2025-05-15 17:28:42,2025-05-22 16:09:54,0
1059,6826244a846bbc126db1e092,Background Knowledge Read Alouds,64511b832cd0b1000bdf20c2,64511b832cd0b1000bdf20bc,2025-05-15 17:28:42,2025-05-22 16:09:54,0
1060,6826244a846bbc126db1e093,Level Up: Attendance Achievement Challenge,64511b832cd0b1000bdf20c2,64511b832cd0b1000bdf20bc,2025-05-15 17:28:42,2025-05-22 16:09:54,0
1061,6826244a846bbc126db1e094,Engineering Presentations,64511b832cd0b1000bdf20c2,64511b832cd0b1000bdf20bc,2025-05-15 17:28:42,2025-05-22 16:09:54,0
1062,6826244a846bbc126db1e095,Seating for Success: Providing Students with Choice and Comfort for Academic Growth,64511b832cd0b1000bdf20c2,64511b832cd0b1000bdf20bc,2025-05-15 17:28:42,2025-05-22 16:09:54,0
1063,6826244a846bbc126db1e096,Read Alouds for Literacy,64511b832cd0b1000bdf20c2,64511b832cd0b1000bdf20bc,2025-05-15 17:28:42,2025-05-22 16:09:54,0
1064,6826244a846bbc126db1e097,Purposeful Play,64511b832cd0b1000bdf20c2,64511b832cd0b1000bdf20bc,2025-05-15 17:28:42,2025-05-22 16:09:54,0
1065,6826244a846bbc126db1e098,Dramatic Play,64511b832cd0b1000bdf20c2,64511b832cd0b1000bdf20bc,2025-05-15 17:28:42,2025-05-22 16:09:54,0
1066,6826244a846bbc126db1e099,Flexible Seating for Independent Reading,64511b832cd0b1000bdf20c2,64511b832cd0b1000bdf20bc,2025-05-15 17:28:42,2025-05-22 16:09:54,0
1067,6826244a846bbc126db1e09a,Knowledge Building,64511b832cd0b1000bdf20c2,64511b832cd0b1000bdf20bc,2025-05-15 17:28:42,2025-05-22 16:09:54,0
1068,6826244a846bbc126db1e09b,Building Background Knowledge,64511b832cd0b1000bdf20c2,64511b832cd0b1000bdf20bc,2025-05-15 17:28:42,2025-05-22 16:09:54,0
1069,6826244a846bbc126db1e09c,"Seating, Technology, and Visual Needs",64511b832cd0b1000bdf20c2,64511b832cd0b1000bdf20bc,2025-05-15 17:28:42,2025-05-22 16:09:54,0
1070,6826244a846bbc126db1e09d,Hands-On Learning: Enhancing Kindergarten with Sensory Bin Exploration,64511b832cd0b1000bdf20c2,64511b832cd0b1000bdf20bc,2025-05-15 17:28:42,2025-05-22 16:09:54,0
1071,6826244a846bbc126db1e09e,Recess Fun,64511b832cd0b1000bdf20c2,64511b832cd0b1000bdf20bc,2025-05-15 17:28:42,2025-05-22 16:09:54,0
1072,6826244a846bbc126db1e09f,6 Black Wobble Stools,64511b832cd0b1000bdf20c2,64511b832cd0b1000bdf20bc,2025-05-15 17:28:42,2025-05-22 16:09:54,0
1073,682b732737cceb5ae53f70f5,Computers,6792a7f6dd896cb4c2552875,6792a7c42f6f38c02f0df020,2025-05-19 18:06:32,,0
1074,682b732737cceb5ae53f70f6,Therapies,6792a7f6dd896cb4c2552875,6792a7c42f6f38c02f0df020,2025-05-19 18:06:32,,0
1075,682b732737cceb5ae53f70f7,Tuition,6792a7f6dd896cb4c2552875,6792a7c42f6f38c02f0df020,2025-05-19 18:06:32,,0
1076,682c47c666f6ff3d04857b34,"Desk, Bookshelves, and other Furniture",55e4dfa966304b4d06b2bff1,579000a580be4c0b8bb744ba,2025-05-20 09:13:43,,0
1077,682f4c461627052e1f1dce87,E2 Grant,64511b832cd0b1000bdf20c2,64511b832cd0b1000bdf20bc,2025-05-22 16:09:43,2025-05-22 16:09:54,0
1085,684895c084e6a5c3aca8efa6,Tuition and fees at a participating school,66fd5719d71acf0898bdd196,66fd509537715830247273fa,2025-06-10 20:29:53,,0
1086,684895c084e6a5c3aca8efa7,Textbooks in approved subjects,66fd5719d71acf0898bdd196,66fd509537715830247273fa,2025-06-10 20:29:53,,0
1087,684895c084e6a5c3aca8efa8,Fees for after-school or summer education programs provided by a participating school,66fd5719d71acf0898bdd196,66fd509537715830247273fa,2025-06-10 20:29:53,,0
1088,684895c084e6a5c3aca8efa9,Private tutoring in approved subjects,66fd5719d71acf0898bdd196,66fd509537715830247273fa,2025-06-10 20:29:53,,0
1089,684895c084e6a5c3aca8efaa,Curricula or instructional materials (for individual student use only),66fd5719d71acf0898bdd196,66fd509537715830247273fa,2025-06-10 20:29:53,,0
1090,684895c084e6a5c3aca8efab,School supplies,66fd5719d71acf0898bdd196,66fd509537715830247273fa,2025-06-10 20:29:53,,0
1091,684895c084e6a5c3aca8efac,Tuition and fees for approved K-12 nonpublic online learning programs,66fd5719d71acf0898bdd196,66fd509537715830247273fa,2025-06-10 20:29:53,,0
1092,684895c084e6a5c3aca8efad,Educational software and applications in approved subjects,66fd5719d71acf0898bdd196,66fd509537715830247273fa,2025-06-10 20:29:53,,0
1093,684895c084e6a5c3aca8efae,Standardized testing fees,66fd5719d71acf0898bdd196,66fd509537715830247273fa,2025-06-10 20:29:53,,0
1094,684895c084e6a5c3aca8efaf,Educational therapies,66fd5719d71acf0898bdd196,66fd509537715830247273fa,2025-06-10 20:29:53,,0
1095,684895c084e6a5c3aca8efb0,Computer/Tablet,66fd5719d71acf0898bdd196,66fd509537715830247273fa,2025-06-10 20:29:53,,0
1096,684895c084e6a5c3aca8efb1,Technological aids,66fd5719d71acf0898bdd196,66fd509537715830247273fa,2025-06-10 20:29:53,,0
1097,684895c084e6a5c3aca8efb2,Contracted services provided by a public school district,66fd5719d71acf0898bdd196,66fd509537715830247273fa,2025-06-10 20:29:53,,0
1306,685c4900514bb941345fccaa,Tuition and fees,65b3ebaeafc84d000bbbe91c,65b2d729501eb7000b3659d1,2025-06-25 19:07:44,,0
1314,68655d0d48f7db38c70d4903,Instructional Services – Core or Co-Curricular,675c7f811b7daeb073b2f472,675c7f62235d31bf3aef791f,2025-07-02 16:23:42,2025-07-02 16:24:33,0
1315,68655d1c822bf4359e55c94d,Educational Supplies,675c7f811b7daeb073b2f472,675c7f62235d31bf3aef791f,2025-07-02 16:23:56,2025-07-02 16:24:33,0
1316,68655d2e48f7db38c70d536e,"Extra-Curricular, Physical Education, and Field Trips",675c7f811b7daeb073b2f472,675c7f62235d31bf3aef791f,2025-07-02 16:24:15,2025-07-02 16:24:33,0
1317,68655d4048f7db38c70d5896,"Technology (computers, tablets, printers, and all tech-related accessories)",675c7f811b7daeb073b2f472,675c7f62235d31bf3aef791f,2025-07-02 16:24:33,,0
1325,687662733c37f8ea7c628689,Tuition and Fees,68026dc05c0435bead67fd37,68026c445c0435bead67fd05,2025-07-15 14:15:16,,0
1332,687e94de0c980276f73e1f38,Occupational Therapy,62cc431ef74385000bfca79b,62cc431e8bf1b0000be7dd2b,2025-07-21 19:28:31,2025-07-22 13:41:17,0
1334,687f94fcd49d8d6cf749ea5d,Curriculum,62cc431ef74385000bfca79b,62cc431e8bf1b0000be7dd2b,2025-07-22 13:41:17,2025-07-22 16:13:52,0
1335,687f94fcd49d8d6cf749ea5e,Examinations( Norm or criterion reference test),62cc431ef74385000bfca79b,62cc431e8bf1b0000be7dd2b,2025-07-22 13:41:17,2025-07-22 16:13:52,0
1336,687f94fcd49d8d6cf749ea5f,Extracurricular(at public or accredited private school,62cc431ef74385000bfca79b,62cc431e8bf1b0000be7dd2b,2025-07-22 13:41:17,2025-07-22 16:13:52,0
1337,687f94fcd49d8d6cf749ea60,Paraprofessional,62cc431ef74385000bfca79b,62cc431e8bf1b0000be7dd2b,2025-07-22 13:41:17,2025-07-22 16:13:52,0
1338,687f94fcd49d8d6cf749ea61,"State Assessments (IREAD/LEARN, IAM)",62cc431ef74385000bfca79b,62cc431e8bf1b0000be7dd2b,2025-07-22 13:41:17,2025-07-22 16:13:52,0
1339,687f952cd49d8d6cf749f25c,Occupational Therapy (service plan documented),62cc431ef74385000bfca79b,62cc431e8bf1b0000be7dd2b,2025-07-22 13:42:04,2025-07-22 16:13:52,0
1340,687f952cd49d8d6cf749f25d,Therapy (RX documented),62cc431ef74385000bfca79b,62cc431e8bf1b0000be7dd2b,2025-07-22 13:42:04,2025-07-22 16:13:52,0
1341,687fb8bfac12bd555a18666d,Equipment,62cc431ef74385000bfca79b,62cc431e8bf1b0000be7dd2b,2025-07-22 16:13:52,,0
1351,688b8ece0ba5eb457dfbf1e2,MS Science Budget,6467be2269d53d000b5e9593,6467bdc16dc584000afce3bf,2025-07-31 15:42:06,2025-07-31 15:42:26,0
1352,688b8ed10ba5eb457dfbf66f,MS ELA Budget,6467be2269d53d000b5e9593,6467bdc16dc584000afce3bf,2025-07-31 15:42:10,2025-07-31 15:42:26,0
1357,6891172746e3e68fa9336926,CTE,64d52285a0e86b000ba14e4a,64d520112b09ad000b448e2c,2025-08-04 20:25:12,,0
1373,68a4b2e7ccbdda1cf70893da,Post secondary education,62cc431ef74385000bfca79b,62cc431e8bf1b0000be7dd2b,2025-08-19 17:22:47,,0
1388,68b6f5a8329085c718629810,Special education services and therapies.,60afa2e5fe29fa9c5c58431f,60ad5253fc26ae002629861f,2025-09-02 13:48:24,2025-09-02 14:05:19,0
1389,68b6f5a8329085c718629811,Private school tuition and student fees.,60afa2e5fe29fa9c5c58431f,60ad5253fc26ae002629861f,2025-09-02 13:48:24,2025-09-02 14:05:19,0
1390,68b6f5a8329085c718629812,"Online learning programs, that are non-public /private, tuition and fees.",60afa2e5fe29fa9c5c58431f,60ad5253fc26ae002629861f,2025-09-02 13:48:24,2025-09-02 14:05:19,0
1391,68b6f5a8329085c718629813,Tutoring.,60afa2e5fe29fa9c5c58431f,60ad5253fc26ae002629861f,2025-09-02 13:48:24,2025-09-02 14:05:19,0
1392,68b6f5a8329085c718629814,"Public school classes, curricular activities, programs and services.",60afa2e5fe29fa9c5c58431f,60ad5253fc26ae002629861f,2025-09-02 13:48:24,2025-09-02 14:05:19,0
1393,68b6f5a8329085c718629815,"Private school classes, curricular activities and programs.",60afa2e5fe29fa9c5c58431f,60ad5253fc26ae002629861f,2025-09-02 13:48:24,2025-09-02 14:05:19,0
1394,68b6f5a8329085c718629816,"Textbooks, curriculum, or other materials required by the course, program, or lesson.",60afa2e5fe29fa9c5c58431f,60ad5253fc26ae002629861f,2025-09-02 13:48:24,2025-09-02 14:05:19,0
1395,68b6f5a8329085c718629817,School uniforms. (not dress code. uniform items only).,60afa2e5fe29fa9c5c58431f,60ad5253fc26ae002629861f,2025-09-02 13:48:24,2025-09-02 14:05:19,0
1396,68b6f5a8329085c718629818,Computer device (1 computer per student every three years).,60afa2e5fe29fa9c5c58431f,60ad5253fc26ae002629861f,2025-09-02 13:48:24,2025-09-02 14:05:19,0
1397,68b6f5a8329085c718629819,Technological services and devices.,60afa2e5fe29fa9c5c58431f,60ad5253fc26ae002629861f,2025-09-02 13:48:24,2025-09-02 14:05:19,0
1398,68b6f5a8329085c71862981a,Educational software and applications.,60afa2e5fe29fa9c5c58431f,60ad5253fc26ae002629861f,2025-09-02 13:48:24,2025-09-02 14:05:19,0
1399,68b6f5a8329085c71862981b,Fees for assessments and examinations and tuition and/or fees for preparatory courses for such exams.,60afa2e5fe29fa9c5c58431f,60ad5253fc26ae002629861f,2025-09-02 13:48:24,2025-09-02 14:05:19,0
1400,68b6f5a8329085c71862981c,"Fee-for-service transportation provider, bus fee, for the student to travel to and from an education service provider.",60afa2e5fe29fa9c5c58431f,60ad5253fc26ae002629861f,2025-09-02 13:48:24,2025-09-02 14:05:19,0
1401,68b6f5a8329085c71862981d,Education programs tuition and fees.,60afa2e5fe29fa9c5c58431f,60ad5253fc26ae002629861f,2025-09-02 13:48:24,2025-09-02 14:05:19,0
1402,68b6f5a8329085c71862981e,"College, University, institution of higher education tuition and fees.",60afa2e5fe29fa9c5c58431f,60ad5253fc26ae002629861f,2025-09-02 13:48:24,2025-09-02 14:05:19,0
1403,68b6f5a8329085c71862981f,"Career or technical school tuition, fees, instructional materials, and examination fees.",60afa2e5fe29fa9c5c58431f,60ad5253fc26ae002629861f,2025-09-02 13:48:24,2025-09-02 14:05:19,0
